site_id,cell_id,cosine_similarity,months_used,source_lon,source_lat
9698,67575,0.33242345,128,-10.9913,-5.992399999999999
9799,49528,0.3005144,126,9.358699999999999,-10.722399999999999
9802,36514,0.45781997,141,-22.9813,-14.0224
9804,96894,0.21820317,108,-4.061300000000002,1.597600000000001
9822,55441,0.29423472,141,6.828699999999999,-9.1824
9840,67575,0.34132978,123,-10.9913,-5.992399999999999
9844,67575,0.25681362,140,-10.9913,-5.992399999999999
9853,36514,0.54366064,137,-22.9813,-14.0224
9896,67575,0.32944596,132,-10.9913,-5.992399999999999
9913,75352,0.32448006,138,4.9586999999999986,-4.012399999999999
9963,55441,0.25342077,139,6.828699999999999,-9.1824
9966,55204,0.2610928,134,-19.241300000000003,-9.1824
10041,67575,0.31899664,138,-10.9913,-5.992399999999999
10046,81796,0.20230906,142,14.198699999999999,-2.362399999999999
10047,85842,0.16878636,135,-7.141300000000002,-1.262399999999999
10063,67575,0.40496597,137,-10.9913,-5.992399999999999
10094,26769,0.1699052,139,-22.2113,-16.5524
10096,36514,0.40444666,139,-22.9813,-14.0224
10132,67575,0.33466342,134,-10.9913,-5.992399999999999
10144,55441,0.24930352,139,6.828699999999999,-9.1824
10153,81796,0.26105213,134,14.198699999999999,-2.362399999999999
10160,69646,0.3217674,42,-16.381300000000003,-5.442399999999999
10267,162505,0.17067252,129,-16.0513,18.6476
10301,49381,0.5473404,98,-6.811300000000002,-10.722399999999999
10335,75352,0.34794167,139,4.9586999999999986,-4.012399999999999
10375,94464,0.18966228,138,8.478699999999998,0.937600000000001
10472,55441,0.3108091,140,6.828699999999999,-9.1824
10496,36514,0.4593427,141,-22.9813,-14.0224
10510,36514,0.4877285,138,-22.9813,-14.0224
10524,36514,0.35317686,140,-22.9813,-14.0224
10527,36514,0.4054522,138,-22.9813,-14.0224
10545,16034,0.5274535,98,9.578699999999998,-19.412399999999998
10559,121675,0.23354714,141,16.7287,7.977600000000001
10567,75352,0.35022908,138,4.9586999999999986,-4.012399999999999
12113,68092,0.23240149,137,-0.7613000000000015,-5.882399999999999
12117,69646,0.2515701,111,-16.381300000000003,-5.442399999999999
12132,54632,0.4924724,108,11.118699999999999,-9.402399999999998
12141,77981,0.37895378,108,14.308699999999998,-3.352399999999999
12148,81796,0.3249655,94,14.198699999999999,-2.362399999999999
12162,69646,0.22427303,111,-16.381300000000003,-5.442399999999999
12164,98744,0.48176622,78,12.878699999999998,2.037600000000001
12171,36514,0.31886497,106,-22.9813,-14.0224
12178,55441,0.28625926,142,6.828699999999999,-9.1824
12179,49381,0.2420163,122,-6.811300000000002,-10.722399999999999
12192,8512,0.3437561,84,-24.9613,-21.2824
12195,37915,0.2920432,78,-8.791300000000001,-13.6924
12198,121209,0.34499446,70,12.108699999999999,7.867600000000001
12202,94464,0.22176507,61,8.478699999999998,0.937600000000001
12208,67575,0.3456893,110,-10.9913,-5.992399999999999
12211,37915,0.3080961,80,-8.791300000000001,-13.6924
12215,12080,0.27288568,136,-5.601300000000002,-20.4024
12216,73219,0.25405777,110,3.5286999999999984,-4.562399999999999
12225,77981,0.26395,122,14.308699999999998,-3.352399999999999
12232,58891,0.5782675,76,13.208699999999999,-8.302399999999999
12242,32377,0.24235883,111,-11.6513,-15.122399999999999
12244,75352,0.37608808,136,4.9586999999999986,-4.012399999999999
12248,77981,0.33369058,94,14.308699999999998,-3.352399999999999
12250,75352,0.56255317,60,4.9586999999999986,-4.012399999999999
12251,80047,0.27253917,111,8.368699999999999,-2.802399999999999
12256,32377,0.23728012,110,-11.6513,-15.122399999999999
12258,77981,0.26406708,116,14.308699999999998,-3.352399999999999
12270,18044,0.16534093,117,-2.5213000000000014,-18.862399999999997
12274,80047,0.29137206,111,8.368699999999999,-2.802399999999999
12275,69646,0.24906068,142,-16.381300000000003,-5.442399999999999
12279,97888,0.49919242,38,11.998699999999998,1.817600000000001
12281,75352,0.42153734,139,4.9586999999999986,-4.012399999999999
12282,68092,0.29849753,96,-0.7613000000000015,-5.882399999999999
12283,55441,0.26884884,127,6.828699999999999,-9.1824
12285,66007,0.29004374,131,3.0886999999999984,-6.4323999999999995
12294,67575,0.27465668,139,-10.9913,-5.992399999999999
12299,77981,0.3264877,135,14.308699999999998,-3.352399999999999
12303,69646,0.30038667,76,-16.381300000000003,-5.442399999999999
12304,27247,0.1848733,94,-16.2713,-16.4424
12311,38645,0.25925446,111,-21.7713,-13.472399999999999
12314,80047,0.22876723,111,8.368699999999999,-2.802399999999999
12319,66835,0.22942667,111,0.8886999999999985,-6.212399999999999
12331,73219,0.29098564,109,3.5286999999999984,-4.562399999999999
12337,69646,0.2517904,111,-16.381300000000003,-5.442399999999999
12354,80047,0.24651068,111,8.368699999999999,-2.802399999999999
12363,69646,0.26976147,111,-16.381300000000003,-5.442399999999999
12365,11741,0.39702967,102,3.7486999999999986,-20.5124
12371,36509,0.35033968,126,-23.5313,-14.0224
12372,61367,0.18934175,131,5.728699999999998,-7.642399999999999
12376,73219,0.26592162,110,3.5286999999999984,-4.562399999999999
12377,73219,0.38006788,111,3.5286999999999984,-4.562399999999999
12396,67575,0.3298457,140,-10.9913,-5.992399999999999
12398,129691,0.23258896,123,12.328699999999998,10.0676
13392,124887,0.5093209,43,-3.0713000000000017,8.857600000000001
16330,12080,0.3713887,57,-5.601300000000002,-20.4024
16331,81825,0.2737667,140,17.3887,-2.362399999999999
16332,55441,0.45145288,61,6.828699999999999,-9.1824
16333,81796,0.2835781,139,14.198699999999999,-2.362399999999999
16334,55078,0.2706783,122,13.538699999999999,-9.292399999999999
16335,77981,0.30223668,139,14.308699999999998,-3.352399999999999
16336,16034,0.32944474,91,9.578699999999998,-19.412399999999998
16337,56721,0.31147236,126,7.7086999999999986,-8.8524
16339,77981,0.25989777,140,14.308699999999998,-3.352399999999999
16340,77981,0.23349331,140,14.308699999999998,-3.352399999999999
16341,55441,0.3091841,133,6.828699999999999,-9.1824
16343,55204,0.35030958,104,-19.241300000000003,-9.1824
16344,56721,0.34301615,127,7.7086999999999986,-8.8524
16345,75352,0.2011003,140,4.9586999999999986,-4.012399999999999
16346,67575,0.20530985,140,-10.9913,-5.992399999999999
16347,81796,0.3372527,139,14.198699999999999,-2.362399999999999
16348,11741,0.5452037,73,3.7486999999999986,-20.5124
16349,55441,0.31360233,140,6.828699999999999,-9.1824
16350,49381,0.38651434,139,-6.811300000000002,-10.722399999999999
16352,69301,0.3629086,122,-7.691300000000002,-5.552399999999999
16354,77981,0.30566514,133,14.308699999999998,-3.352399999999999
16357,55441,0.30482665,104,6.828699999999999,-9.1824
16358,67575,0.25620294,81,-10.9913,-5.992399999999999
16359,11741,0.25793812,102,3.7486999999999986,-20.5124
16360,49381,0.3835265,117,-6.811300000000002,-10.722399999999999
16362,75352,0.42768914,114,4.9586999999999986,-4.012399999999999
16363,55441,0.340722,128,6.828699999999999,-9.1824
16364,34400,0.3153453,122,-22.3213,-14.572399999999998
16365,28544,0.26226717,82,-13.521300000000002,-16.112399999999997
16369,67575,0.2767048,125,-10.9913,-5.992399999999999
16370,55441,0.3294374,139,6.828699999999999,-9.1824
16371,55441,0.42529273,112,6.828699999999999,-9.1824
16372,67575,0.29104313,131,-10.9913,-5.992399999999999
16373,67575,0.22332786,139,-10.9913,-5.992399999999999
16374,55441,0.33678865,113,6.828699999999999,-9.1824
16375,55441,0.3047169,128,6.828699999999999,-9.1824
16377,38645,0.28537557,140,-21.7713,-13.472399999999999
16378,25618,0.35764065,62,-8.9013,-16.8824
16381,81796,0.29885784,128,14.198699999999999,-2.362399999999999
16383,55204,0.31113577,140,-19.241300000000003,-9.1824
16384,79006,0.6024454,18,-12.861300000000002,-3.022399999999999
16386,49381,0.38029665,122,-6.811300000000002,-10.722399999999999
16390,67575,0.3410891,139,-10.9913,-5.992399999999999
16392,56721,0.3937149,133,7.7086999999999986,-8.8524
16394,67575,0.34877017,61,-10.9913,-5.992399999999999
16395,67575,0.36416763,61,-10.9913,-5.992399999999999
16400,141186,0.45355895,96,17.4987,13.037600000000001
16401,67575,0.28380322,113,-10.9913,-5.992399999999999
16402,81796,0.27104238,133,14.198699999999999,-2.362399999999999
16403,49381,0.4634781,139,-6.811300000000002,-10.722399999999999
16405,67575,0.22557592,133,-10.9913,-5.992399999999999
16407,62400,0.45925748,93,-20.561300000000003,-7.312399999999999
16408,67575,0.2609786,103,-10.9913,-5.992399999999999
16409,55441,0.35567966,140,6.828699999999999,-9.1824
16410,55441,0.20524442,140,6.828699999999999,-9.1824
16411,67575,0.29338482,113,-10.9913,-5.992399999999999
16412,101998,0.2608491,84,-2.3013000000000017,2.917600000000001
16415,49577,0.35622934,133,14.748699999999998,-10.722399999999999
25141,55441,0.42019877,133,6.828699999999999,-9.1824
25155,67575,0.31357646,137,-10.9913,-5.992399999999999
25157,54194,0.46557423,135,9.578699999999998,-9.5124
25168,32824,0.42968825,135,-9.121300000000002,-15.0124
25169,56721,0.39385828,135,7.7086999999999986,-8.8524
25180,54194,0.46708727,135,9.578699999999998,-9.5124
25186,49381,0.5180552,132,-6.811300000000002,-10.722399999999999
25196,55441,0.4020084,138,6.828699999999999,-9.1824
25200,54194,0.46787742,136,9.578699999999998,-9.5124
25204,67575,0.39059505,138,-10.9913,-5.992399999999999
25205,67575,0.26178166,106,-10.9913,-5.992399999999999
25216,56721,0.42351443,138,7.7086999999999986,-8.8524
25219,49577,0.47235486,136,14.748699999999998,-10.722399999999999
25224,54194,0.47955564,132,9.578699999999998,-9.5124
25230,55441,0.41778025,138,6.828699999999999,-9.1824
25232,54194,0.49703515,134,9.578699999999998,-9.5124
25237,54194,0.5036146,138,9.578699999999998,-9.5124
25238,56721,0.39323145,135,7.7086999999999986,-8.8524
25239,77981,0.36530516,128,14.308699999999998,-3.352399999999999
25248,54194,0.4545815,134,9.578699999999998,-9.5124
25252,55441,0.3987152,138,6.828699999999999,-9.1824
25253,49381,0.475375,138,-6.811300000000002,-10.722399999999999
25255,55441,0.4217973,138,6.828699999999999,-9.1824
25268,36514,0.35669714,141,-22.9813,-14.0224
25275,67575,0.5001467,82,-10.9913,-5.992399999999999
25279,89283,0.23030636,141,-1.7513000000000014,-0.38239999999999896
25284,67575,0.34320572,141,-10.9913,-5.992399999999999
25287,55441,0.4003857,140,6.828699999999999,-9.1824
25289,36514,0.37056252,141,-22.9813,-14.0224
25290,55441,0.35520598,141,6.828699999999999,-9.1824
25299,81796,0.22778568,141,14.198699999999999,-2.362399999999999
25300,55441,0.40304092,140,6.828699999999999,-9.1824
25308,36509,0.34536925,69,-23.5313,-14.0224
25310,36514,0.4800056,141,-22.9813,-14.0224
25319,67575,0.36029342,141,-10.9913,-5.992399999999999
25325,81796,0.2941375,138,14.198699999999999,-2.362399999999999
25327,55441,0.38171065,141,6.828699999999999,-9.1824
25330,36514,0.38842973,141,-22.9813,-14.0224
26918,54194,0.4330293,141,9.578699999999998,-9.5124
27268,54194,0.43673503,141,9.578699999999998,-9.5124
27405,49577,0.42967933,141,14.748699999999998,-10.722399999999999
27945,67575,0.30297005,120,-10.9913,-5.992399999999999
27946,89709,0.31095675,125,-1.5313000000000014,-0.272399999999999
27954,82879,0.4634381,121,-6.591300000000001,-2.032399999999999
27956,67575,0.25674903,137,-10.9913,-5.992399999999999
27958,67575,0.18857065,118,-10.9913,-5.992399999999999
27963,26769,0.2254553,124,-22.2113,-16.5524
28001,34927,0.20209521,109,-10.9913,-14.462399999999999
28010,12127,0.3878316,123,-0.4313000000000015,-20.4024
28019,81796,0.32017738,122,14.198699999999999,-2.362399999999999
28020,160095,0.17888802,118,-1.3113000000000015,17.9876
28030,67575,0.31647685,123,-10.9913,-5.992399999999999
28057,36509,0.38655177,112,-23.5313,-14.0224
28072,67575,0.28838366,119,-10.9913,-5.992399999999999
28330,55441,0.28813353,112,6.828699999999999,-9.1824
29245,11741,0.37597647,123,3.7486999999999986,-20.5124
29270,111304,0.22291543,86,-4.721300000000001,5.337600000000001
29309,28928,0.21169025,124,-17.921300000000002,-16.002399999999998
29340,12080,0.20898762,125,-5.601300000000002,-20.4024
29360,12080,0.37324858,125,-5.601300000000002,-20.4024
29388,73219,0.3780593,129,3.5286999999999984,-4.562399999999999
29443,101998,0.23866244,97,-2.3013000000000017,2.917600000000001
30100,67575,0.30134982,126,-10.9913,-5.992399999999999
30292,150821,0.3168614,116,4.6286999999999985,15.5676
30303,11741,0.34105903,73,3.7486999999999986,-20.5124
30498,49577,0.4999237,98,14.748699999999998,-10.722399999999999
30516,62400,0.3018331,119,-20.561300000000003,-7.312399999999999
30597,75352,0.2607707,129,4.9586999999999986,-4.012399999999999
30908,55441,0.39391783,123,6.828699999999999,-9.1824
31039,36514,0.48942545,129,-22.9813,-14.0224
31048,54218,0.45556372,126,12.218699999999998,-9.5124
31301,54218,0.26585147,123,12.218699999999998,-9.5124
31324,132086,0.27917278,86,-4.061300000000002,10.7276
31380,12080,0.35048798,126,-5.601300000000002,-20.4024
31473,55441,0.25842643,125,6.828699999999999,-9.1824
31675,98744,0.1961489,127,12.878699999999998,2.037600000000001
31801,36514,0.54256666,120,-22.9813,-14.0224
31810,36514,0.38739043,127,-22.9813,-14.0224
31910,95673,0.31773576,81,1.5486999999999984,1.267600000000001
31945,69646,0.32329738,125,-16.381300000000003,-5.442399999999999
31981,55441,0.3236907,126,6.828699999999999,-9.1824
32022,75352,0.3523263,76,4.9586999999999986,-4.012399999999999
32201,85842,0.21951304,125,-7.141300000000002,-1.262399999999999
32342,54194,0.2824299,130,9.578699999999998,-9.5124
32386,34414,0.22863837,139,-20.7813,-14.572399999999998
32393,36509,0.268477,136,-23.5313,-14.0224
32399,94464,0.16754696,140,8.478699999999998,0.937600000000001
32403,47390,0.36015067,39,7.3786999999999985,-11.2724
32407,69646,0.29216778,38,-16.381300000000003,-5.442399999999999
32421,67575,0.36583054,139,-10.9913,-5.992399999999999
32424,67575,0.22249171,136,-10.9913,-5.992399999999999
32432,101998,0.2510481,79,-2.3013000000000017,2.917600000000001
32445,49381,0.35056195,141,-6.811300000000002,-10.722399999999999
32453,55441,0.23398402,137,6.828699999999999,-9.1824
32489,67575,0.2107698,134,-10.9913,-5.992399999999999
32510,81796,0.26026607,141,14.198699999999999,-2.362399999999999
32519,85490,0.22399563,138,0.7786999999999985,-1.372399999999999
32524,36514,0.4288804,139,-22.9813,-14.0224
32527,67575,0.27217674,130,-10.9913,-5.992399999999999
32530,34414,0.19497417,140,-20.7813,-14.572399999999998
32553,62214,0.21904598,142,5.618699999999999,-7.422399999999999
32561,55441,0.3318196,96,6.828699999999999,-9.1824
32571,49381,0.44661042,138,-6.811300000000002,-10.722399999999999
32588,73762,0.37648246,38,16.618699999999997,-4.452399999999999
32597,36514,0.37511083,127,-22.9813,-14.0224
32611,36514,0.4106744,140,-22.9813,-14.0224
32652,75352,0.40530667,140,4.9586999999999986,-4.012399999999999
32669,62214,0.23899998,141,5.618699999999999,-7.422399999999999
32679,67575,0.2139283,111,-10.9913,-5.992399999999999
32681,67575,0.34765476,141,-10.9913,-5.992399999999999
32688,141089,0.3265876,138,6.828699999999999,13.037600000000001
32689,69301,0.2874732,138,-7.691300000000002,-5.552399999999999
32693,40152,0.19427143,140,4.078699999999999,-13.142399999999999
32699,89283,0.24921863,132,-1.7513000000000014,-0.38239999999999896
32704,40152,0.33203608,40,4.078699999999999,-13.142399999999999
32713,17268,0.34024394,126,5.398699999999999,-19.0824
32718,38645,0.29071495,140,-21.7713,-13.472399999999999
32719,154691,0.3262264,136,10.568699999999998,16.5576
32723,36514,0.4142492,141,-22.9813,-14.0224
32730,75352,0.33731458,45,4.9586999999999986,-4.012399999999999
32751,55441,0.4313788,136,6.828699999999999,-9.1824
32775,67575,0.3405513,133,-10.9913,-5.992399999999999
32803,16034,0.32450494,132,9.578699999999998,-19.412399999999998
32809,38645,0.20314455,138,-21.7713,-13.472399999999999
32876,47390,0.4989349,39,7.3786999999999985,-11.2724
32889,67575,0.26449996,140,-10.9913,-5.992399999999999
32951,36514,0.50594634,106,-22.9813,-14.0224
32954,67575,0.3138395,138,-10.9913,-5.992399999999999
32967,89709,0.41317302,113,-1.5313000000000014,-0.272399999999999
32989,67575,0.2882135,125,-10.9913,-5.992399999999999
33012,36576,0.22294624,139,-16.1613,-14.0224
33030,81796,0.24568628,136,14.198699999999999,-2.362399999999999
33041,22247,0.33457944,140,-6.591300000000001,-17.7624
33043,12080,0.25906,138,-5.601300000000002,-20.4024
33048,67575,0.2657467,129,-10.9913,-5.992399999999999
33050,49381,0.50251734,106,-6.811300000000002,-10.722399999999999
33051,55441,0.29373896,124,6.828699999999999,-9.1824
33072,89709,0.25997767,38,-1.5313000000000014,-0.272399999999999
33074,81796,0.2567974,99,14.198699999999999,-2.362399999999999
33089,98744,0.21498017,137,12.878699999999998,2.037600000000001
33103,54218,0.34687984,140,12.218699999999998,-9.5124
33128,36514,0.4163743,140,-22.9813,-14.0224
33170,62214,0.23470488,137,5.618699999999999,-7.422399999999999
33199,75352,0.37113303,142,4.9586999999999986,-4.012399999999999
33248,67582,0.18910322,137,-10.221300000000001,-5.992399999999999
33249,70489,0.28141686,40,-16.9313,-5.222399999999999
33255,67575,0.26219258,131,-10.9913,-5.992399999999999
33273,75352,0.4863673,139,4.9586999999999986,-4.012399999999999
33278,101998,0.17565635,138,-2.3013000000000017,2.917600000000001
33280,40152,0.30416238,39,4.078699999999999,-13.142399999999999
33282,36514,0.48805556,131,-22.9813,-14.0224
33312,154276,0.2218908,139,11.558699999999998,16.4476
33335,54218,0.2962406,139,12.218699999999998,-9.5124
33342,36514,0.32859957,132,-22.9813,-14.0224
34531,36514,0.3774779,140,-22.9813,-14.0224
34537,36514,0.3920464,139,-22.9813,-14.0224
34548,54218,0.30571625,73,12.218699999999998,-9.5124
34549,56721,0.29102513,75,7.7086999999999986,-8.8524
34550,54194,0.5914849,73,9.578699999999998,-9.5124
34552,55441,0.2624132,75,6.828699999999999,-9.1824
34555,34414,0.24662799,76,-20.7813,-14.572399999999998
34556,37915,0.3293091,73,-8.791300000000001,-13.6924
34557,98744,0.55708283,44,12.878699999999998,2.037600000000001
34562,26769,0.3073215,73,-22.2113,-16.5524
34563,55078,0.22595946,75,13.538699999999999,-9.292399999999999
34565,54194,0.5719366,73,9.578699999999998,-9.5124
34566,26769,0.34211236,73,-22.2113,-16.5524
34568,18044,0.2384689,72,-2.5213000000000014,-18.862399999999997
34569,43958,0.27919865,76,2.9786999999999986,-12.152399999999998
34570,37915,0.24943289,75,-8.791300000000001,-13.6924
34571,95801,0.46559748,73,15.628699999999998,1.267600000000001
34575,26769,0.30096725,73,-22.2113,-16.5524
34577,56721,0.2910345,75,7.7086999999999986,-8.8524
34578,54218,0.51303357,73,12.218699999999998,-9.5124
34579,56721,0.27938017,75,7.7086999999999986,-8.8524
34583,58891,0.37384415,73,13.208699999999999,-8.302399999999999
34586,58891,0.4755674,76,13.208699999999999,-8.302399999999999
34587,56721,0.44644377,73,7.7086999999999986,-8.8524
34588,26769,0.337248,73,-22.2113,-16.5524
34590,56721,0.33936223,73,7.7086999999999986,-8.8524
34594,26769,0.37632704,73,-22.2113,-16.5524
34597,54194,0.5932247,76,9.578699999999998,-9.5124
37680,37287,0.49037263,141,15.408699999999998,-13.9124
37692,67575,0.23445965,140,-10.9913,-5.992399999999999
37734,36514,0.3787821,141,-22.9813,-14.0224
37757,36514,0.50579333,138,-22.9813,-14.0224
37775,79170,0.439216,141,5.178699999999998,-3.022399999999999
37801,55441,0.25126195,140,6.828699999999999,-9.1824
37827,49974,0.18417262,141,11.778699999999999,-10.6124
37841,36514,0.33998638,141,-22.9813,-14.0224
37867,34927,0.20876807,141,-10.9913,-14.462399999999999
37906,37915,0.23893873,141,-8.791300000000001,-13.6924
37912,12080,0.2137594,141,-5.601300000000002,-20.4024
37920,27713,0.5023114,140,-11.6513,-16.3324
37923,75352,0.2918087,137,4.9586999999999986,-4.012399999999999
37937,37287,0.48321173,139,15.408699999999998,-13.9124
37960,54218,0.2803814,141,12.218699999999998,-9.5124
37962,77981,0.15746368,141,14.308699999999998,-3.352399999999999
37964,34927,0.21184495,141,-10.9913,-14.462399999999999
37991,36514,0.28562942,141,-22.9813,-14.0224
37997,34927,0.19297063,141,-10.9913,-14.462399999999999
38009,75352,0.28165442,141,4.9586999999999986,-4.012399999999999
38020,132086,0.24353537,140,-4.061300000000002,10.7276
38037,49974,0.20173806,141,11.778699999999999,-10.6124
38046,55441,0.32303122,137,6.828699999999999,-9.1824
38062,136339,0.32604885,141,-2.6313000000000013,11.8276
38068,75352,0.38438818,141,4.9586999999999986,-4.012399999999999
42660,55441,0.390311,131,6.828699999999999,-9.1824
43567,12080,0.20198983,139,-5.601300000000002,-20.4024
43568,12080,0.25884423,140,-5.601300000000002,-20.4024
43569,54218,0.3140588,139,12.218699999999998,-9.5124
43643,55441,0.33747968,131,6.828699999999999,-9.1824
43655,55441,0.37611556,138,6.828699999999999,-9.1824
43665,36514,0.24312799,136,-22.9813,-14.0224
43668,74020,0.21166012,139,-1.6413000000000015,-4.342399999999999
43670,75352,0.44095296,93,4.9586999999999986,-4.012399999999999
43676,84660,0.18246551,97,2.7586999999999984,-1.592399999999999
43679,55441,0.38541752,133,6.828699999999999,-9.1824
43789,55441,0.36315012,118,6.828699999999999,-9.1824
43790,69646,0.22643742,116,-16.381300000000003,-5.442399999999999
43795,31037,0.18890962,102,-19.131300000000003,-15.452399999999999
43895,28977,0.21671914,129,-12.531300000000002,-16.002399999999998
43927,34414,0.24106283,138,-20.7813,-14.572399999999998
43987,67575,0.25407326,127,-10.9913,-5.992399999999999
44011,34414,0.216124,125,-20.7813,-14.572399999999998
44018,67575,0.29694957,135,-10.9913,-5.992399999999999
44032,67575,0.22532931,138,-10.9913,-5.992399999999999
44060,81796,0.28450057,134,14.198699999999999,-2.362399999999999
44072,17268,0.31416422,103,5.398699999999999,-19.0824
44097,37373,0.28943396,99,-21.7713,-13.802399999999999
44112,12080,0.31867003,132,-5.601300000000002,-20.4024
44146,55441,0.27259827,132,6.828699999999999,-9.1824
44149,55441,0.30257556,106,6.828699999999999,-9.1824
44206,55078,0.24830751,130,13.538699999999999,-9.292399999999999
44253,75352,0.3049412,132,4.9586999999999986,-4.012399999999999
45749,132086,0.4988636,76,-4.061300000000002,10.7276
45751,43958,0.3287965,76,2.9786999999999986,-12.152399999999998
45753,132086,0.5529411,74,-4.061300000000002,10.7276
51239,90243,0.20031135,88,10.568699999999998,-0.162399999999999
53459,81796,0.3218619,119,14.198699999999999,-2.362399999999999
53466,67575,0.24747165,139,-10.9913,-5.992399999999999
53515,26769,0.23297462,98,-22.2113,-16.5524
53523,22247,0.28795466,131,-6.591300000000001,-17.7624
53802,89709,0.37748873,132,-1.5313000000000014,-0.272399999999999
59106,55441,0.21107996,137,6.828699999999999,-9.1824
59114,55441,0.40539858,86,6.828699999999999,-9.1824
64365,69646,0.31156734,137,-16.381300000000003,-5.442399999999999
64379,66225,0.15278533,142,-19.5713,-6.322399999999999
64391,55441,0.353774,142,6.828699999999999,-9.1824
64439,90523,0.243943,132,-5.271300000000002,-0.052399999999998975
64473,69301,0.31071746,137,-7.691300000000002,-5.552399999999999
64507,54218,0.3132504,137,12.218699999999998,-9.5124
64543,36514,0.4565355,138,-22.9813,-14.0224
64599,163199,0.5117547,99,13.648699999999998,18.7576
65959,75352,0.26921096,142,4.9586999999999986,-4.012399999999999
65965,36514,0.5323166,136,-22.9813,-14.0224
66039,36514,0.5490928,135,-22.9813,-14.0224
66048,38775,0.24249774,129,-7.471300000000001,-13.472399999999999
66050,75352,0.26864251,130,4.9586999999999986,-4.012399999999999
66076,12080,0.3020251,138,-5.601300000000002,-20.4024
66083,81796,0.35507497,141,14.198699999999999,-2.362399999999999
66092,49577,0.4257012,132,14.748699999999998,-10.722399999999999
66098,56721,0.34119222,135,7.7086999999999986,-8.8524
66105,81796,0.35874352,139,14.198699999999999,-2.362399999999999
66118,56721,0.40010756,141,7.7086999999999986,-8.8524
66121,67575,0.33872968,137,-10.9913,-5.992399999999999
66126,67575,0.33727232,137,-10.9913,-5.992399999999999
66132,12080,0.26068172,142,-5.601300000000002,-20.4024
66134,81796,0.38336205,142,14.198699999999999,-2.362399999999999
66155,77981,0.39005423,142,14.308699999999998,-3.352399999999999
66156,81796,0.39197043,142,14.198699999999999,-2.362399999999999
66199,67575,0.33339292,138,-10.9913,-5.992399999999999
66216,56721,0.3639096,140,7.7086999999999986,-8.8524
66222,54194,0.46093792,134,9.578699999999998,-9.5124
66224,12080,0.30369318,134,-5.601300000000002,-20.4024
66250,32824,0.36601463,139,-9.121300000000002,-15.0124
66256,81796,0.3675067,142,14.198699999999999,-2.362399999999999
66265,37287,0.55249804,138,15.408699999999998,-13.9124
66266,67575,0.3571379,142,-10.9913,-5.992399999999999
66268,12080,0.2745712,142,-5.601300000000002,-20.4024
66272,77981,0.29108346,136,14.308699999999998,-3.352399999999999
66318,54194,0.45921215,136,9.578699999999998,-9.5124
66323,77981,0.33787298,122,14.308699999999998,-3.352399999999999
66337,28977,0.22602542,139,-12.531300000000002,-16.002399999999998
66352,36514,0.5395105,124,-22.9813,-14.0224
66369,77981,0.40835026,142,14.308699999999998,-3.352399999999999
66380,67575,0.31946012,142,-10.9913,-5.992399999999999
66381,16034,0.42605606,142,9.578699999999998,-19.412399999999998
66385,73219,0.41127172,141,3.5286999999999984,-4.562399999999999
66393,67575,0.39158252,140,-10.9913,-5.992399999999999
66406,55441,0.35173044,136,6.828699999999999,-9.1824
66446,55441,0.32864648,141,6.828699999999999,-9.1824
66458,36514,0.5433467,136,-22.9813,-14.0224
66461,67575,0.39382815,139,-10.9913,-5.992399999999999
66500,83066,0.3630953,136,13.978699999999998,-2.032399999999999
66507,12080,0.2741662,142,-5.601300000000002,-20.4024
66517,56721,0.35517094,142,7.7086999999999986,-8.8524
66520,37287,0.5225442,138,15.408699999999998,-13.9124
66528,77981,0.37493932,142,14.308699999999998,-3.352399999999999
66541,81796,0.37535316,142,14.198699999999999,-2.362399999999999
66556,67575,0.3597251,141,-10.9913,-5.992399999999999
66567,69301,0.4425259,142,-7.691300000000002,-5.552399999999999
66571,17268,0.54696757,135,5.398699999999999,-19.0824
66602,61367,0.24272895,141,5.728699999999998,-7.642399999999999
66603,36514,0.5120219,132,-22.9813,-14.0224
66607,12080,0.40948272,88,-5.601300000000002,-20.4024
66608,67575,0.24642208,139,-10.9913,-5.992399999999999
66611,61367,0.3368892,88,5.728699999999998,-7.642399999999999
66616,54194,0.33036754,128,9.578699999999998,-9.5124
66620,77981,0.35162532,142,14.308699999999998,-3.352399999999999
85354,81796,0.34684262,140,14.198699999999999,-2.362399999999999
87182,34414,0.22085007,111,-20.7813,-14.572399999999998
87184,67575,0.23790875,112,-10.9913,-5.992399999999999
88074,156332,0.2755797,66,4.518699999999998,16.997600000000002
88075,18044,0.25816125,67,-2.5213000000000014,-18.862399999999997
103037,12080,0.2461223,141,-5.601300000000002,-20.4024
103048,68092,0.29652634,142,-0.7613000000000015,-5.882399999999999
103050,54194,0.45016733,132,9.578699999999998,-9.5124
103071,67575,0.2451639,142,-10.9913,-5.992399999999999
103076,77981,0.31135538,141,14.308699999999998,-3.352399999999999
103082,67575,0.38720638,142,-10.9913,-5.992399999999999
103083,67575,0.357109,128,-10.9913,-5.992399999999999
103086,56721,0.38412628,136,7.7086999999999986,-8.8524
103096,48853,0.3809313,52,-18.2513,-10.8324
103290,77981,0.32122058,137,14.308699999999998,-3.352399999999999
103419,81796,0.33081686,137,14.198699999999999,-2.362399999999999
104315,73219,0.31835952,133,3.5286999999999984,-4.562399999999999
104316,67575,0.24690697,131,-10.9913,-5.992399999999999
109298,49381,0.49513113,141,-6.811300000000002,-10.722399999999999
118237,67575,0.33462635,123,-10.9913,-5.992399999999999
118260,81796,0.23785457,139,14.198699999999999,-2.362399999999999
118345,73219,0.19816329,139,3.5286999999999984,-4.562399999999999
118412,62214,0.32032162,117,5.618699999999999,-7.422399999999999
118526,55441,0.29467,138,6.828699999999999,-9.1824
118579,74560,0.35866755,82,11.118699999999999,-4.232399999999999
118588,55441,0.41428936,135,6.828699999999999,-9.1824
118619,81796,0.20146942,136,14.198699999999999,-2.362399999999999
118623,67575,0.3873306,135,-10.9913,-5.992399999999999
118625,75352,0.39143148,134,4.9586999999999986,-4.012399999999999
118626,55441,0.40039116,135,6.828699999999999,-9.1824
118631,73219,0.334551,129,3.5286999999999984,-4.562399999999999
118670,77981,0.37589085,137,14.308699999999998,-3.352399999999999
118719,55441,0.29333264,118,6.828699999999999,-9.1824
118752,55441,0.40216178,135,6.828699999999999,-9.1824
118753,67575,0.36477387,134,-10.9913,-5.992399999999999
118794,55441,0.4229207,135,6.828699999999999,-9.1824
118851,67575,0.31508362,136,-10.9913,-5.992399999999999
118866,56721,0.40168643,135,7.7086999999999986,-8.8524
118867,55441,0.33456782,134,6.828699999999999,-9.1824
120044,55441,0.32346433,130,6.828699999999999,-9.1824
