site_id,Context-Aware Selective Learning,Deep Context LSTM (Always TL),Deep Context LSTM (No TL),Random Forest,Site-Hard Expert Selector
9698,0.7706514000892639,0.7642706036567688,0.8238343000411987,0.6707174013772342,0.7642706036567688
9799,1.0213652849197388,1.094443678855896,0.944568395614624,0.7222272183529129,1.094443678855896
9802,0.71864914894104,0.6153151988983154,0.7906350493431091,0.5448661595540114,0.7906350493431091
9804,0.7470673322677612,0.7803423404693604,0.7146120071411133,0.5728913970269143,0.7803423404693604
9822,0.8336514830589294,0.7922632694244385,0.9081162214279175,0.9250332270864691,0.7922632694244385
9840,0.7954009175300598,0.7910631895065308,0.8654951453208923,0.697165073210126,0.7910631895065308
9844,0.9520801305770874,0.9577491283416748,0.981084406375885,0.8121463877983373,0.9577491283416748
9853,0.7807788848876953,0.7222054600715637,0.8682547807693481,0.9804028732516784,0.7222054600715637
9896,0.9857072234153748,0.9914407730102539,1.0377005338668823,0.7327245780214243,0.9914407730102539
9913,1.3513723611831665,1.31589937210083,1.4156157970428467,1.233250794198357,1.31589937210083
9963,0.9961430430412292,1.0283714532852173,0.9905125498771667,0.8219479183475379,1.0283714532852173
9966,0.6598243117332458,0.6651449799537659,0.7027971744537354,0.5601467920140885,0.6651449799537659
10041,0.7109105587005615,0.7178568243980408,0.7415973544120789,0.6418005655380742,0.7178568243980408
10046,0.9207343459129333,0.8897446990013123,1.0070805549621582,0.8723163812217105,0.8897446990013123
10047,0.8160003423690796,0.8286937475204468,0.7887244820594788,0.782449303641334,0.8286937475204468
10063,1.088810920715332,1.0431147813796997,1.1929435729980469,1.1554677824247621,1.0431147813796997
10094,1.3030905723571777,1.3451026678085327,1.2133604288101196,0.9833414458642736,1.3451026678085327
10096,0.5734007358551025,0.5631280541419983,0.6212987303733826,0.3732871935084376,0.5631280541419983
10132,0.7796024680137634,0.7677959203720093,0.849894642829895,0.8188548912904936,0.7677959203720093
10144,0.6904361844062805,0.7030099630355835,0.7143731713294983,0.6032260326831501,0.7143731713294983
10153,1.0137639045715332,1.0172539949417114,1.0457031726837158,0.9446115268672364,1.0172539949417114
10160,0.6958123445510864,0.7578492164611816,0.6601942777633667,0.7486022489256259,0.7578492164611816
10267,0.7795774340629578,0.7837651371955872,0.7832017540931702,0.6215380062389742,0.7837651371955872
10301,0.4123615026473999,0.36849403381347656,0.4677256941795349,0.3876397263804681,0.4677256941795349
10335,0.8217578530311584,0.8200446367263794,0.8622525930404663,0.7594142054540877,0.8200446367263794
10375,0.9998347759246826,1.0030438899993896,1.00566828250885,0.8725701701215802,1.0030438899993896
10472,0.9868437647819519,0.9644221067428589,1.0386282205581665,1.082897582503312,1.0386282205581665
10496,0.6683604717254639,0.6851995587348938,0.6779942512512207,0.5018928288334076,0.6851995587348938
10510,0.5228880047798157,0.5261239409446716,0.5455899238586426,0.3943782364206782,0.5261239409446716
10524,1.285374641418457,1.3191075325012207,1.2287757396697998,1.2192988677643715,1.3191075325012207
10527,0.5931468605995178,0.5734961628913879,0.6390495896339417,0.4747326665750696,0.5734961628913879
10545,0.581989586353302,0.4780840575695038,0.674260139465332,0.6155880638782759,0.4780840575695038
10559,0.6411256194114685,0.6517489552497864,0.6370734572410583,0.6360437417496662,0.6517489552497864
10567,0.9097044467926025,0.9056082367897034,0.9362335801124573,0.7866267913623995,0.9056082367897034
12113,1.8974064588546753,1.847995638847351,1.9627069234848022,1.9688918507784445,1.847995638847351
12117,1.3963909149169922,1.3943088054656982,1.4193462133407593,1.3184485024425578,1.3943088054656982
12132,0.5759831666946411,0.5785747766494751,0.6473586559295654,0.6212397099282443,0.5785747766494751
12141,0.9196867346763611,0.9345507621765137,0.941153883934021,0.8695975248625859,0.9345507621765137
12148,0.8581061959266663,0.837005078792572,0.9467038512229919,0.8560840269476909,0.837005078792572
12162,1.5015761852264404,1.4974207878112793,1.513566493988037,1.351042112666743,1.4974207878112793
12164,0.7376003265380859,0.7268102169036865,0.77399742603302,0.5680622844694891,0.7268102169036865
12171,1.2464901208877563,1.2749913930892944,1.2306849956512451,1.220866485170386,1.2749913930892944
12178,1.4462333917617798,1.4963815212249756,1.409913420677185,1.0929992583814856,1.4963815212249756
12179,1.0453884601593018,1.0926154851913452,1.0278445482254028,0.9082125279907471,1.0926154851913452
12192,0.8060600757598877,0.8272218704223633,0.7834404706954956,0.5798452062180639,0.8272218704223633
12195,1.7936996221542358,1.8153965473175049,1.7807120084762573,1.8985680194473475,1.8153965473175049
12198,1.1284388303756714,1.144536018371582,1.13432776927948,1.0976641147980226,1.144536018371582
12202,1.8179868459701538,1.8383530378341675,1.831274151802063,1.8646268672948136,1.8383530378341675
12208,0.7071663737297058,0.7166410684585571,0.7348027229309082,0.7477432003277794,0.7166410684585571
12211,2.1129167079925537,2.0931365489959717,2.142669916152954,2.270869273402047,2.0931365489959717
12215,1.5454860925674438,1.6191346645355225,1.4631595611572266,1.2933512587231513,1.6191346645355225
12216,1.3700298070907593,1.3713372945785522,1.3862383365631104,1.351079647234991,1.3713372945785522
12225,1.3554677963256836,1.376893401145935,1.348046898841858,1.2815168202551572,1.376893401145935
12232,1.0749388933181763,1.0996047258377075,1.0372921228408813,0.8606029892853456,1.0996047258377075
12242,1.3545832633972168,1.3691866397857666,1.3555876016616821,1.242806450391005,1.3691866397857666
12244,1.7724664211273193,1.7451308965682983,1.8359332084655762,1.7370595034206129,1.7451308965682983
12248,0.9394562244415283,0.9474356174468994,0.9516763687133789,0.7993316731466985,0.9474356174468994
12250,1.0146090984344482,1.0420680046081543,0.9827967286109924,0.860579525299652,1.0420680046081543
12251,1.351412057876587,1.3319296836853027,1.3885248899459839,1.2978594218738118,1.3319296836853027
12256,0.8947953581809998,0.8825235962867737,0.9450101852416992,0.7786008015027022,0.8825235962867737
12258,1.272995114326477,1.2675416469573975,1.289258599281311,1.1944360622839645,1.2675416469573975
12270,0.9908949732780457,1.0118464231491089,0.9940809607505798,0.798782723708961,0.9940809607505798
12274,1.1441943645477295,1.1490345001220703,1.164236068725586,1.1360707880565883,1.1490345001220703
12275,0.9724999070167542,0.9686918258666992,1.0121065378189087,0.8359223561108484,0.9686918258666992
12279,1.2138055562973022,1.2205638885498047,1.2456079721450806,1.4147716415384455,1.2205638885498047
12281,1.2304911613464355,1.2514758110046387,1.1947194337844849,0.7872504305512826,1.2514758110046387
12282,1.7042782306671143,1.7451690435409546,1.6921478509902954,1.7604985607292567,1.7451690435409546
12283,1.1061402559280396,1.1004496812820435,1.1417975425720215,1.0407231775769228,1.1004496812820435
12285,1.20469331741333,1.2127962112426758,1.2068707942962646,1.053479716990623,1.2127962112426758
12294,0.8812524676322937,0.8926525115966797,0.8995178937911987,0.898421161662939,0.8926525115966797
12299,1.3014546632766724,1.2971210479736328,1.330662727355957,1.2895958387624946,1.2971210479736328
12303,1.4122865200042725,1.4420596361160278,1.3903521299362183,1.261688564402289,1.4420596361160278
12304,1.874189853668213,1.8558377027511597,1.9128786325454712,1.9356086613993344,1.8558377027511597
12311,1.1179020404815674,1.0920404195785522,1.1722980737686157,0.9454103251312012,1.0920404195785522
12314,1.4822536706924438,1.4706429243087769,1.5161247253417969,1.4811502993865853,1.4706429243087769
12319,1.0218976736068726,1.0175957679748535,1.0546005964279175,1.0027553901456296,1.0175957679748535
12331,1.2232543230056763,1.2128313779830933,1.2568761110305786,1.0980895957103776,1.2128313779830933
12337,1.2847349643707275,1.2653789520263672,1.3273327350616455,1.256795505029453,1.2653789520263672
12354,1.1929415464401245,1.1992324590682983,1.2056235074996948,1.3102821956656292,1.1992324590682983
12363,1.3700023889541626,1.3491151332855225,1.4174989461898804,1.3986039097704768,1.3491151332855225
12365,0.848790168762207,0.8649540543556213,0.8871914744377136,0.9935219488998109,0.8649540543556213
12371,1.0633751153945923,1.0688596963882446,1.0795949697494507,1.1047898732766948,1.0688596963882446
12372,1.203419804573059,1.194803237915039,1.2162806987762451,1.1155580359637625,1.194803237915039
12376,1.079715609550476,1.018264651298523,1.149371862411499,1.107835238481339,1.018264651298523
12377,1.2014275789260864,1.2002668380737305,1.219269871711731,0.9593504188993841,1.2002668380737305
12396,1.3307236433029175,1.3363165855407715,1.3228777647018433,1.2956851173423862,1.3363165855407715
12398,0.764220654964447,0.805525541305542,0.7386658787727356,0.5879514912478536,0.805525541305542
13392,22.13017463684082,22.159099578857422,22.137422561645508,21.857973851782532,22.159099578857422
16330,0.7218422293663025,0.7337494492530823,0.7448819279670715,0.7020289986206213,0.7337494492530823
16331,0.5692059993743896,0.5394342541694641,0.6727709770202637,0.6948646926169973,0.5394342541694641
16332,0.5848921537399292,0.5344871282577515,0.7066488265991211,0.5219548264464196,0.5344871282577515
16333,1.0080009698867798,0.9848538041114807,1.109585165977478,1.1415067528520808,0.9848538041114807
16334,0.8711787462234497,0.8579515814781189,0.9341500401496887,0.7699295542247198,0.8579515814781189
16335,0.8686254024505615,0.8714625239372253,0.8954542279243469,0.7085605202451463,0.8714625239372253
16336,1.724158763885498,1.637559175491333,1.797348141670227,2.3517594991746043,1.637559175491333
16337,1.1560827493667603,1.1624367237091064,1.1612704992294312,0.9459443654334514,1.1624367237091064
16339,1.5420067310333252,1.4138656854629517,1.6489293575286865,1.8015359919257519,1.4138656854629517
16340,1.1213784217834473,1.1278772354125977,1.1335554122924805,1.1689083477642819,1.1278772354125977
16341,0.8424128890037537,0.8558350801467896,0.8459633588790894,0.5910377527327599,0.8558350801467896
16343,0.6394025683403015,0.6417986750602722,0.6955333352088928,0.5776798887330132,0.6417986750602722
16344,1.1340006589889526,1.1259177923202515,1.1658223867416382,0.9574729581158395,1.1259177923202515
16345,0.8820285201072693,0.8713400363922119,0.9574006795883179,1.0753040110236158,0.8713400363922119
16346,0.8595461249351501,0.8515234589576721,0.9235447645187378,0.7954430386498811,0.9235447645187378
16347,0.8291869759559631,0.8152119517326355,0.9646508693695068,0.9687847572364912,0.8152119517326355
16348,1.2810065746307373,1.3174540996551514,1.26829993724823,1.2570478930188442,1.3174540996551514
16349,0.838217556476593,0.8449591398239136,0.8657076358795166,0.7116267862985438,0.8449591398239136
16350,0.5110034346580505,0.48228713870048523,0.6866987943649292,0.5953866379306801,0.48228713870048523
16352,0.5064368844032288,0.47376301884651184,0.6037880778312683,0.43932060266307094,0.47376301884651184
16354,0.9480647444725037,0.9124405384063721,1.057522177696228,1.0160202751372691,0.9124405384063721
16357,0.5048715472221375,0.48507264256477356,0.587480902671814,0.6305653666217749,0.48507264256477356
16358,1.304333209991455,1.2853766679763794,1.367990493774414,1.2420618660373353,1.2853766679763794
16359,0.6366260647773743,0.642309844493866,0.6949218511581421,0.6082671548881531,0.642309844493866
16360,0.6039818525314331,0.5788724422454834,0.7167015075683594,0.5643243892393538,0.5788724422454834
16362,0.6852481365203857,0.6604747772216797,0.7706738710403442,0.6687396780328255,0.6604747772216797
16363,1.343477725982666,1.3360825777053833,1.3587062358856201,1.1900867568170772,1.3587062358856201
16364,0.4994063675403595,0.47036948800086975,0.6256248950958252,0.7290873517973054,0.47036948800086975
16365,1.0409185886383057,1.045413613319397,1.0637538433074951,1.0367382474622961,1.045413613319397
16369,0.8613189458847046,0.834893524646759,0.9295992851257324,0.9487146499208574,0.834893524646759
16370,0.6303899884223938,0.6093015074729919,0.7726452946662903,0.7068853065795846,0.6093015074729919
16371,0.9203436374664307,0.9001636505126953,1.0598334074020386,1.1944639161062363,0.9001636505126953
16372,0.876010000705719,0.8492704629898071,0.9728663563728333,0.9978692815840707,0.8492704629898071
16373,0.914847731590271,0.9425078630447388,0.8945958614349365,0.8444103411103822,0.9425078630447388
16374,1.1402634382247925,1.1136809587478638,1.250296950340271,1.2584851408313165,1.1136809587478638
16375,1.0826995372772217,1.0589931011199951,1.147160291671753,0.8583088493917019,1.0589931011199951
16377,1.1811325550079346,1.205021858215332,1.173657774925232,1.156023849107164,1.173657774925232
16378,0.8438506126403809,0.8097248077392578,0.8841034770011902,0.9364681996644317,0.8097248077392578
16381,1.0499225854873657,1.0229312181472778,1.1534364223480225,1.1815104620965253,1.0229312181472778
16383,0.6181772351264954,0.6312808990478516,0.6577999591827393,0.6050875265480447,0.6577999591827393
16384,1.7955840826034546,1.7988086938858032,1.778952956199646,1.8528852650066003,1.7988086938858032
16386,0.609096109867096,0.560821533203125,0.7591000199317932,0.7407207266245613,0.560821533203125
16390,0.762476921081543,0.7349233031272888,0.8846011757850647,0.8513850007039354,0.7349233031272888
16392,0.746993899345398,0.7437253594398499,0.7820568680763245,0.5936461016270794,0.7437253594398499
16394,1.3466072082519531,1.3259708881378174,1.4204928874969482,1.5775484518357854,1.3259708881378174
16395,0.8755196928977966,0.9192749857902527,0.8299114108085632,0.8381625780646396,0.9192749857902527
16400,0.7804421782493591,0.8135395646095276,0.7491320371627808,0.45943107391499133,0.8135395646095276
16401,0.9954365491867065,1.0035121440887451,0.9924750924110413,0.9165445863381956,1.0035121440887451
16402,1.000036358833313,0.9588080048561096,1.1343801021575928,1.169880741689176,0.9588080048561096
16403,0.7107153534889221,0.6578226685523987,0.8625985980033875,0.777933262256705,0.6578226685523987
16405,1.1305407285690308,1.108826994895935,1.2469357252120972,1.279952413425156,1.108826994895935
16407,0.7244424223899841,0.7492192387580872,0.7564665675163269,0.7014956640456244,0.7492192387580872
16408,1.2314097881317139,1.2107329368591309,1.299351692199707,1.2438742404639527,1.2107329368591309
16409,0.874104380607605,0.8700705766677856,0.9113182425498962,0.8016019025650586,0.8700705766677856
16410,0.6393586993217468,0.6491134762763977,0.6953305602073669,0.7561486425055963,0.6491134762763977
16411,1.498155117034912,1.475297451019287,1.5922250747680664,1.6411844548704682,1.475297451019287
16412,0.8219589591026306,0.8543761968612671,0.7955886125564575,0.8522397979830918,0.8543761968612671
16415,0.8533186912536621,0.7958128452301025,1.0150930881500244,0.948709323826251,0.7958128452301025
25141,0.46056291460990906,0.421731561422348,0.5319591164588928,0.5204646218014354,0.421731561422348
25155,1.1736479997634888,1.1457624435424805,1.2317181825637817,1.0850511416365747,1.1457624435424805
25157,0.8371747732162476,0.7211606502532959,0.9278457164764404,1.2867676988738708,0.7211606502532959
25168,0.7696504592895508,0.7474913597106934,0.8111043572425842,0.9763294930245834,0.7474913597106934
25169,0.8320469856262207,0.856370210647583,0.8181377649307251,0.504595159441908,0.856370210647583
25180,0.6946530938148499,0.6481219530105591,0.7543971538543701,0.7210171026274271,0.6481219530105591
25186,0.6523746848106384,0.5815711617469788,0.7197012901306152,0.8406665747683357,0.7197012901306152
25196,0.6987435817718506,0.6833505630493164,0.7279375195503235,0.6904402657020926,0.6833505630493164
25200,0.5070753693580627,0.5206895470619202,0.5108668208122253,0.3957900037803771,0.5206895470619202
25204,0.7320786118507385,0.7224403619766235,0.7641162276268005,0.6027601524857763,0.7224403619766235
25205,1.0421479940414429,1.0678843259811401,1.0192594528198242,0.8659502849117081,1.0678843259811401
25216,0.8019806146621704,0.8322259187698364,0.7725695967674255,0.4105399325016581,0.8322259187698364
25219,0.604388952255249,0.62749844789505,0.5789176821708679,0.35399666846990724,0.62749844789505
25224,0.6715208888053894,0.7110860347747803,0.6577537655830383,0.3319169205232467,0.7110860347747803
25230,0.6856445670127869,0.7297226786613464,0.6738298535346985,0.45993714724217405,0.7297226786613464
25232,0.7075605392456055,0.6176424622535706,0.76526939868927,0.7497315379175107,0.6176424622535706
25237,0.500741720199585,0.48524588346481323,0.5544159412384033,0.36979901925353237,0.48524588346481323
25238,0.3950655460357666,0.39367708563804626,0.42668646574020386,0.3564045676892158,0.39367708563804626
25239,0.7609570026397705,0.7621511816978455,0.7792907357215881,0.8117525695194688,0.7621511816978455
25248,0.9566189050674438,0.85759037733078,1.03975510597229,1.4336983396946028,0.85759037733078
25252,1.7707581520080566,1.6545544862747192,1.8330382108688354,2.623388616680541,1.6545544862747192
25253,0.731712818145752,0.6324076652526855,0.800106406211853,1.1842593239485761,0.6324076652526855
25255,1.0454648733139038,0.9407591819763184,1.1156213283538818,1.4373438475526812,0.9407591819763184
25268,0.5048283338546753,0.5327463150024414,0.511183500289917,0.5973026263166011,0.511183500289917
25275,0.6143608689308167,0.5067391395568848,0.6479446887969971,0.7824895830978161,0.6479446887969971
25279,1.3433624505996704,1.3592368364334106,1.329328179359436,1.2714519760400027,1.329328179359436
25284,0.759531557559967,0.7710233926773071,0.7827321887016296,1.030451849166047,0.7827321887016296
25287,0.531436026096344,0.49756380915641785,0.5965218544006348,0.6092572255365288,0.49756380915641785
25289,0.8372080326080322,0.7678958773612976,0.8649118542671204,1.026049032475045,0.7678958773612976
25290,0.6755427122116089,0.7022299766540527,0.6726202964782715,0.4953831042054287,0.7022299766540527
25299,1.3482760190963745,1.3382081985473633,1.3650751113891602,1.5369456515183602,1.3650751113891602
25300,0.5781192779541016,0.5410664081573486,0.6124579906463623,0.6231061313021993,0.6124579906463623
25308,1.7804189920425415,1.7280305624008179,1.8232834339141846,1.780005115262968,1.7280305624008179
25310,0.6755333542823792,0.7209228873252869,0.668150007724762,0.559531328642081,0.668150007724762
25319,0.6931193470954895,0.7188891768455505,0.7073649764060974,0.7608978130822553,0.7188891768455505
25325,1.0032228231430054,1.001662015914917,1.014922022819519,0.9524867571473764,1.014922022819519
25327,0.5592072010040283,0.5193455815315247,0.5995136499404907,0.6963454007619054,0.5995136499404907
25330,0.5616196990013123,0.5571359395980835,0.5810911059379578,0.5907735672587384,0.5810911059379578
26918,0.698761522769928,0.7601421475410461,0.6326010823249817,0.38610166979662625,0.7601421475410461
27268,0.6787826418876648,0.7624906897544861,0.634515106678009,0.3976903621263119,0.7624906897544861
27405,0.717732846736908,0.7988244891166687,0.63395094871521,0.4214901781035108,0.7988244891166687
27945,1.2983263731002808,1.2277857065200806,1.3378095626831055,1.4493111750671506,1.3378095626831055
27946,0.9660888910293579,0.8918430805206299,1.01310396194458,1.1136827917922885,1.01310396194458
27954,1.2651827335357666,1.1818846464157104,1.3071725368499756,1.3228104262426643,1.3071725368499756
27956,1.3918105363845825,1.3158296346664429,1.4203827381134033,1.5328678747463862,1.4203827381134033
27958,0.9307830929756165,0.9482808113098145,0.9501113891601562,0.8485849480203875,0.9482808113098145
27963,0.7530909776687622,0.7220510244369507,0.8119519948959351,0.6931235623282319,0.7220510244369507
28001,1.0922837257385254,1.1177512407302856,1.0768206119537354,1.0503082295087047,1.1177512407302856
28010,0.5277325510978699,0.5610958337783813,0.5309023857116699,0.45692970937988797,0.5610958337783813
28019,0.8787598609924316,0.8730290532112122,0.9059579372406006,0.8889526851286016,0.8730290532112122
28020,1.0552843809127808,1.0526001453399658,1.087626576423645,1.0149600834302273,1.0526001453399658
28030,0.8671271800994873,0.8763921856880188,0.875111997127533,0.964035115977035,0.875111997127533
28057,0.6724708676338196,0.6928073763847351,0.7015050649642944,0.7513095664680735,0.6928073763847351
28072,0.9888808131217957,0.9922990798950195,1.0078421831130981,0.8590624646590136,0.9922990798950195
28330,1.269989252090454,1.2572476863861084,1.361717700958252,1.4732197135031382,1.2572476863861084
29245,6.040888786315918,6.008625030517578,6.057711601257324,6.855086148367234,6.057711601257324
29270,1.3349117040634155,1.3690294027328491,1.2776596546173096,1.2319315523699508,1.3690294027328491
29309,0.9265203475952148,0.9393109083175659,0.9312912821769714,0.756911055903164,0.9393109083175659
29340,1.0334298610687256,1.003453016281128,1.097521424293518,1.2245941985827113,1.097521424293518
29360,0.9847447276115417,1.0063819885253906,0.9990375638008118,1.0986608493095529,1.0063819885253906
29388,0.820568859577179,0.9038177728652954,0.7655677199363708,0.6699447565985882,0.9038177728652954
29443,1.8911982774734497,1.8899832963943481,1.8898967504501343,1.845320725016475,1.8898967504501343
30100,1.4366849660873413,1.416858196258545,1.4620344638824463,1.6869584446228376,1.416858196258545
30292,1.5208486318588257,1.5158637762069702,1.543137788772583,1.245760734326963,1.5158637762069702
30303,0.8125886917114258,0.7856104373931885,0.8370617628097534,0.9282331678970525,0.8370617628097534
30498,0.7495397329330444,0.7938867211341858,0.7351392507553101,0.7646952992943121,0.7938867211341858
30516,7.976043701171875,8.00929069519043,7.94417142868042,8.164519191506876,8.00929069519043
30597,2.628875255584717,2.6835265159606934,2.5485641956329346,2.740160091965917,2.5485641956329346
30908,0.7156506776809692,0.6918708682060242,0.7365875840187073,0.6562629033621048,0.7365875840187073
31039,1.026136040687561,1.0435796976089478,1.0393158197402954,0.9748852413444626,1.0435796976089478
31048,0.7743643522262573,0.7541136145591736,0.792168915271759,0.8781309346038674,0.7541136145591736
31301,1.110612392425537,1.123258352279663,1.1228793859481812,1.1173720424802125,1.123258352279663
31324,1.0358895063400269,1.0806437730789185,1.0044864416122437,0.9534028414861395,1.0806437730789185
31380,0.7907201647758484,0.7802485227584839,0.8138959407806396,0.9960380272443113,0.7802485227584839
31473,0.5882536768913269,0.5579560399055481,0.6498275399208069,0.43134631208642793,0.5579560399055481
31675,4.924397945404053,4.912994384765625,4.941831588745117,5.068310714720881,4.912994384765625
31801,0.5281473398208618,0.6288657784461975,0.4989067018032074,0.47733126536018977,0.6288657784461975
31810,2.0308094024658203,2.039310932159424,2.0309197902679443,2.133251788302115,2.039310932159424
31910,0.9244948625564575,0.9704282879829407,0.8825587630271912,0.7083681439227677,0.9704282879829407
31945,0.8873693943023682,0.8753450512886047,0.9173228144645691,0.8661300133367652,0.8753450512886047
31981,2.633530855178833,2.6276750564575195,2.631169557571411,2.6319690811181604,2.6276750564575195
32022,1.0789344310760498,1.081882119178772,1.1031309366226196,1.0438220761250263,1.081882119178772
32201,1.1657743453979492,1.1851595640182495,1.146454095840454,1.1709520895348797,1.1851595640182495
32342,1.3831307888031006,1.408252477645874,1.3615742921829224,1.3940573585299907,1.3615742921829224
32386,1.1924920082092285,1.2275174856185913,1.2011876106262207,1.1711110200281178,1.2275174856185913
32393,0.8888998627662659,0.8811122179031372,0.9179521799087524,1.056290109197739,0.8811122179031372
32399,0.6343568563461304,0.6508678197860718,0.6621884107589722,0.4203318241331485,0.6508678197860718
32403,0.6701865792274475,0.6886863708496094,0.6818615198135376,0.6406043672659297,0.6886863708496094
32407,0.8631983399391174,0.9359081983566284,0.7995400428771973,0.7337607501998986,0.9359081983566284
32421,1.2089473009109497,1.2163276672363281,1.197567343711853,0.8550013535500629,1.2163276672363281
32424,4.517866134643555,4.389091491699219,4.563922882080078,5.593452240859391,4.563922882080078
32432,0.6664400100708008,0.6808761954307556,0.6652148365974426,0.5215356449442575,0.6808761954307556
32445,1.067043662071228,0.9997060894966125,1.1535483598709106,1.2060484156987497,1.1535483598709106
32453,1.3181769847869873,1.3040541410446167,1.3673845529556274,1.156723710371494,1.3040541410446167
32489,0.8314277529716492,0.831271231174469,0.8472751379013062,0.581881396617052,0.831271231174469
32510,1.0698896646499634,1.0502210855484009,1.1007025241851807,0.9254393537295469,1.0502210855484009
32519,1.1558876037597656,1.181946873664856,1.1109815835952759,0.8349692190051707,1.1109815835952759
32524,0.5620995759963989,0.5257662534713745,0.643684983253479,0.49036406480724554,0.5257662534713745
32527,1.0786784887313843,1.0711766481399536,1.1279000043869019,0.7978221733576173,1.0711766481399536
32530,0.6942546367645264,0.7113481163978577,0.6863588690757751,0.566953059772195,0.7113481163978577
32553,0.9474250078201294,0.9335875511169434,0.9839387536048889,1.040538271337949,0.9335875511169434
32561,0.9764483571052551,0.9762731790542603,1.006940484046936,0.6697669473762304,0.9762731790542603
32571,0.5589200258255005,0.5572468638420105,0.5805380344390869,0.3034418698631189,0.5572468638420105
32588,1.2418036460876465,1.2915035486221313,1.2108688354492188,1.3219375411117011,1.2915035486221313
32597,0.7220815420150757,0.7172995209693909,0.7859621047973633,0.7849345430682478,0.7172995209693909
32611,1.095503568649292,1.0618491172790527,1.1454466581344604,1.4466601028809778,1.1454466581344604
32652,0.8867709636688232,0.8819968700408936,0.9278431534767151,0.672041165659321,0.8819968700408936
32669,0.9775581359863281,0.9792000651359558,1.0032166242599487,0.7451316190738368,0.9792000651359558
32679,0.824583113193512,0.8579233288764954,0.8242083787918091,0.6659300385380761,0.8579233288764954
32681,0.632131814956665,0.623341977596283,0.6897035241127014,0.558213600766564,0.623341977596283
32688,0.8939140439033508,0.9086887836456299,0.8792919516563416,0.44916243253832216,0.9086887836456299
32689,1.0546648502349854,1.0284526348114014,1.112943172454834,0.968498278017787,1.0284526348114014
32693,0.7045158743858337,0.7246586084365845,0.6750560998916626,0.45065997645552497,0.7246586084365845
32699,0.5649850964546204,0.5360592007637024,0.7098100781440735,0.7131363054407803,0.5360592007637024
32704,0.926510214805603,1.039470911026001,0.8768312931060791,0.9770595378673222,1.039470911026001
32713,1.7052031755447388,1.6906039714813232,1.740343451499939,1.2997786333713814,1.6906039714813232
32718,0.6420308947563171,0.6598284244537354,0.6416448950767517,0.5897458133396171,0.6598284244537354
32719,0.7677304148674011,0.7313902378082275,0.84239661693573,0.8414197931960989,0.7313902378082275
32723,0.5662141442298889,0.5420764684677124,0.6208928823471069,0.440507598871425,0.5420764684677124
32730,0.6442273855209351,0.6781895160675049,0.6152639985084534,0.6241515650751901,0.6781895160675049
32751,0.6226609349250793,0.5957881808280945,0.675032377243042,0.4316600882189804,0.5957881808280945
32775,0.6253518462181091,0.6454038619995117,0.6375596523284912,0.44838514641907046,0.6454038619995117
32803,0.6794099807739258,0.6605939865112305,0.7382546663284302,0.7841525753054687,0.6605939865112305
32809,1.3967130184173584,1.3960744142532349,1.379693627357483,1.2102981703822044,1.3960744142532349
32876,0.884621798992157,0.9050151109695435,0.8758476376533508,0.8530871218432335,0.9050151109695435
32889,0.6877092123031616,0.6934250593185425,0.74202561378479,0.915592170957853,0.6934250593185425
32951,0.7312179803848267,0.7450812458992004,0.7236539125442505,0.7215255212198615,0.7450812458992004
32954,1.0628505945205688,1.0423091650009155,1.136231541633606,0.9835429368293601,1.136231541633606
32967,1.2468043565750122,1.2729082107543945,1.1993873119354248,1.0461289727574004,1.2729082107543945
32989,0.7970530390739441,0.8080920577049255,0.8152821063995361,0.6583132514052901,0.8080920577049255
33012,1.1900572776794434,1.18278169631958,1.2154227495193481,0.8941937636056227,1.18278169631958
33030,1.2379969358444214,1.2414898872375488,1.2291784286499023,0.7951349579201954,1.2414898872375488
33041,0.7845786213874817,0.7701196074485779,0.8622882962226868,0.685973066130161,0.7701196074485779
33043,0.7430746555328369,0.7295122742652893,0.8087965250015259,0.7000968328439594,0.7295122742652893
33048,1.0381693840026855,1.0405573844909668,1.0862334966659546,1.0543519659142966,1.0405573844909668
33050,0.5235243439674377,0.5633435845375061,0.4952579140663147,0.49148965301490927,0.4952579140663147
33051,0.6696805953979492,0.6562820076942444,0.7827940583229065,1.0563810970274772,0.6562820076942444
33072,1.0932353734970093,1.0365809202194214,1.1269232034683228,1.1022940655386662,1.0365809202194214
33074,0.8577391505241394,0.8690173029899597,0.8499808311462402,0.7968404031215212,0.8690173029899597
33089,1.1068708896636963,1.111339807510376,1.1074105501174927,1.1309564254839617,1.1074105501174927
33103,0.7400851249694824,0.7365593314170837,0.7571777105331421,0.6425473175487203,0.7571777105331421
33128,0.7049151659011841,0.701816201210022,0.7567735910415649,0.5564378272070871,0.701816201210022
33170,0.7254078388214111,0.7176488637924194,0.7822727560997009,0.7197581164733995,0.7176488637924194
33199,0.7586594223976135,0.7276291847229004,0.8192117214202881,0.663465692110774,0.7276291847229004
33248,0.6146698594093323,0.6244484782218933,0.6149255633354187,0.6390196413314676,0.6244484782218933
33249,0.9748317003250122,0.9680765867233276,0.9815921783447266,0.9975056030235139,0.9680765867233276
33255,1.1751254796981812,1.2022008895874023,1.1552008390426636,0.896420433348966,1.2022008895874023
33273,0.9133374094963074,0.9257057905197144,0.9268617033958435,0.6438673055918048,0.9257057905197144
33278,2.534442901611328,2.491118907928467,2.57240891456604,2.5694635358236746,2.491118907928467
33280,0.6894550919532776,0.7046482563018799,0.6913781762123108,0.7318787288409657,0.7046482563018799
33282,0.554507315158844,0.47723057866096497,0.5974403023719788,0.5143766444766963,0.5974403023719788
33312,1.2488311529159546,1.2390261888504028,1.2963528633117676,1.2900760630927144,1.2390261888504028
33335,1.1395483016967773,1.132865309715271,1.1690481901168823,0.9118066799475395,1.132865309715271
33342,6.9314775466918945,6.827218055725098,7.007128715515137,8.039893203717048,7.007128715515137
34531,0.6678154468536377,0.6367943286895752,0.7286492586135864,0.5171661415074463,0.6367943286895752
34537,0.4723515510559082,0.4790891110897064,0.4987132251262665,0.4229479830699729,0.4790891110897064
34548,1.0635347366333008,1.0864101648330688,1.07673180103302,0.9377518199551144,1.0864101648330688
34549,1.5071585178375244,1.4858276844024658,1.553383708000183,1.2776945762820868,1.4858276844024658
34550,0.6573767066001892,0.6517828702926636,0.6828007698059082,0.41120866354020374,0.6828007698059082
34552,1.2316582202911377,1.2274969816207886,1.2628434896469116,1.0367561572935016,1.2274969816207886
34555,1.3077062368392944,1.32393217086792,1.3282160758972168,1.1927203072635106,1.32393217086792
34556,1.2549527883529663,1.2485296726226807,1.3024731874465942,1.1269277041471215,1.3024731874465942
34557,1.4499683380126953,1.4266120195388794,1.4839483499526978,1.7150598981258423,1.4266120195388794
34562,1.2869011163711548,1.2970826625823975,1.3277108669281006,1.1414394672317858,1.2970826625823975
34563,1.505873680114746,1.4983867406845093,1.5356333255767822,1.2861932990271128,1.4983867406845093
34565,0.7506917715072632,0.7564353942871094,0.7656370401382446,0.5364584445378724,0.7656370401382446
34566,0.9758700132369995,0.9419856667518616,1.0754876136779785,0.9400826669537806,0.9419856667518616
34568,1.510154366493225,1.4756264686584473,1.5776762962341309,1.3749833994659104,1.4756264686584473
34569,1.005399227142334,0.9760677814483643,1.0793057680130005,0.9334501974867733,0.9760677814483643
34570,1.9239643812179565,1.8427096605300903,2.0065135955810547,2.079480681946672,1.8427096605300903
34571,0.7464661598205566,0.7478688359260559,0.779389500617981,0.5416923182724614,0.7478688359260559
34575,1.2165555953979492,1.201299786567688,1.292970061302185,1.1698314091915698,1.201299786567688
34577,1.4003962278366089,1.3795124292373657,1.4445785284042358,1.1777578770372732,1.3795124292373657
34578,1.4073790311813354,1.4003634452819824,1.4416121244430542,1.0283229073924542,1.4003634452819824
34579,1.858530879020691,1.847349762916565,1.8852182626724243,1.634453687541283,1.847349762916565
34583,1.0972758531570435,1.0812487602233887,1.1699638366699219,1.0043887800726472,1.0812487602233887
34586,0.793786346912384,0.7918807864189148,0.8393340706825256,0.6329434742666754,0.8393340706825256
34587,0.7950965762138367,0.7660067677497864,0.8852723836898804,0.6291356095975513,0.7660067677497864
34588,1.1485546827316284,1.147892951965332,1.1984061002731323,1.028376514731876,1.147892951965332
34590,1.1101188659667969,1.0881808996200562,1.1977853775024414,1.024997005432183,1.0881808996200562
34594,1.013711929321289,1.0058057308197021,1.0979238748550415,0.9147661158249848,1.0058057308197021
34597,0.7728297710418701,0.7635980248451233,0.8041903376579285,0.4699111410244419,0.8041903376579285
37680,1.0457117557525635,1.0976977348327637,0.9735018610954285,0.8260194406658682,1.0976977348327637
37692,0.7551217079162598,0.7388592958450317,0.8280126452445984,0.8494607429583286,0.7388592958450317
37734,1.5834614038467407,1.5777479410171509,1.5918904542922974,1.5151975514465097,1.5777479410171509
37757,4.6165924072265625,4.470988750457764,4.648458957672119,4.667314036067235,4.648458957672119
37775,0.9197794198989868,0.9526070356369019,0.898442268371582,0.7672938915909447,0.9526070356369019
37801,0.5964644551277161,0.6419327259063721,0.5603405833244324,0.5796075662585449,0.6419327259063721
37827,1.00896418094635,1.0298616886138916,0.9873433113098145,1.0899643742735459,1.0298616886138916
37841,0.9842563271522522,0.9840391874313354,0.9846969246864319,0.8060313724670488,0.9840391874313354
37867,1.1350017786026,1.1829109191894531,1.0384867191314697,0.9739847470410145,1.1829109191894531
37906,1.1321426630020142,1.099961757659912,1.1980928182601929,1.3249145642747115,1.099961757659912
37912,1.02289879322052,1.041437029838562,0.9441583156585693,1.005309145390685,1.041437029838562
37920,1.9434421062469482,1.9430270195007324,1.9495903253555298,1.7832860958966257,1.9430270195007324
37923,1.247109293937683,1.2733114957809448,1.1991480588912964,1.1731259975008643,1.2733114957809448
37937,0.8796256184577942,0.8827669620513916,0.9131096005439758,0.9179646710800158,0.8827669620513916
37960,2.2081048488616943,2.1629397869110107,2.2680599689483643,2.0224866098715637,2.2680599689483643
37962,1.2187834978103638,1.229634165763855,1.2268842458724976,1.1878103412958638,1.229634165763855
37964,1.1081622838974,1.1466078758239746,1.0560507774353027,1.0484050345201479,1.1466078758239746
37991,1.0446261167526245,1.1258516311645508,0.9476767182350159,0.8047451288878131,1.1258516311645508
37997,0.9668897390365601,1.007330298423767,0.8506314754486084,0.8839561342908634,1.007330298423767
38009,1.0618256330490112,1.0857298374176025,1.0027021169662476,0.9062644203261024,1.0857298374176025
38020,1.1718034744262695,1.1876134872436523,1.1606428623199463,1.0918434012403473,1.1876134872436523
38037,1.6074491739273071,1.6266541481018066,1.5521087646484375,1.647142238124958,1.6266541481018066
38046,0.889940619468689,0.9126828908920288,0.8855343461036682,0.9184261164158388,0.9126828908920288
38062,1.007467269897461,1.0021909475326538,1.0144691467285156,0.9462312711498896,1.0021909475326538
38068,1.6126599311828613,1.623085856437683,1.6100724935531616,1.3559234092786316,1.623085856437683
42660,0.9713008999824524,1.0501679182052612,0.8945527672767639,0.6242133451557688,0.8945527672767639
43567,0.890292763710022,0.9055308699607849,0.8569511771202087,0.6687500755927486,0.9055308699607849
43568,1.1134926080703735,1.1301966905593872,1.076813817024231,0.7996114223909225,1.1301966905593872
43569,1.7201350927352905,1.73833429813385,1.6848840713500977,1.602356372967606,1.6848840713500977
43643,0.9086374044418335,0.9911999106407166,0.8099337220191956,0.5696492158665879,0.9911999106407166
43655,0.8390160799026489,0.8809685707092285,0.7860744595527649,0.5391293790579214,0.8809685707092285
43665,1.1779953241348267,1.1819994449615479,1.1796960830688477,1.0198898509272192,1.1819994449615479
43668,1.4531923532485962,1.4499505758285522,1.4466136693954468,1.1280822341582872,1.4499505758285522
43670,0.9619627594947815,0.9722440838813782,0.9157662391662598,0.6659273309282099,0.9722440838813782
43676,1.0857007503509521,1.1137207746505737,1.0039749145507812,0.814697859079913,1.1137207746505737
43679,0.6217747330665588,0.6325742602348328,0.6286844611167908,0.43598646794038526,0.6325742602348328
43789,2.1646063327789307,2.2180237770080566,2.121872901916504,2.2376069333515005,2.121872901916504
43790,1.0101653337478638,1.036697506904602,0.9723034501075745,0.8139456000762489,1.036697506904602
43795,1.2186721563339233,1.2308235168457031,1.2242107391357422,1.2090729010891883,1.2308235168457031
43895,1.2073321342468262,1.2265886068344116,1.1368495225906372,0.9011190175497961,1.2265886068344116
43927,0.9136415719985962,0.8836612105369568,0.9715315699577332,0.8139814515197261,0.9715315699577332
43987,1.2989219427108765,1.305022954940796,1.2798603773117065,0.961496528001433,1.305022954940796
44011,1.0789283514022827,1.07724928855896,1.1063950061798096,0.8746460959782468,1.07724928855896
44018,1.729475975036621,1.7631093263626099,1.5778477191925049,1.3076451016770285,1.7631093263626099
44032,1.123957872390747,1.126509428024292,1.1267592906951904,0.9535347605623311,1.126509428024292
44060,1.1202616691589355,1.1371127367019653,1.0952187776565552,0.8869932377464773,1.1371127367019653
44072,1.2819842100143433,1.357216715812683,1.1984933614730835,1.113701585115817,1.1984933614730835
44097,1.3714615106582642,1.3869755268096924,1.360624074935913,1.2004263641406534,1.3869755268096924
44112,1.2605245113372803,1.267625331878662,1.2610657215118408,1.1095384571719518,1.267625331878662
44146,1.1461025476455688,1.166418194770813,1.1354893445968628,0.9433453458634031,1.166418194770813
44149,1.9257265329360962,1.919468641281128,1.9633287191390991,1.7207418783344752,1.919468641281128
44206,1.180173397064209,1.1704446077346802,1.2168653011322021,0.9377992559641946,1.1704446077346802
44253,1.3219313621520996,1.317836880683899,1.3311426639556885,1.0901625669379273,1.317836880683899
45749,0.6504515409469604,0.6041570901870728,0.7410497665405273,0.8481319214017502,0.6041570901870728
45751,1.1540555953979492,1.1270655393600464,1.1863409280776978,0.8434875524397025,1.1270655393600464
45753,0.8542072176933289,0.8585537075996399,0.8719087839126587,0.6907576510589114,0.8585537075996399
51239,1.5617311000823975,1.5458378791809082,1.5877388715744019,1.482552876548703,1.5458378791809082
53459,1.0633753538131714,1.0628888607025146,1.0605125427246094,0.7521812478001249,1.0628888607025146
53466,1.257921814918518,1.2599296569824219,1.2676719427108765,0.9697013247619167,1.2599296569824219
53515,1.0854277610778809,1.1813198328018188,1.0129601955413818,0.8843828331547291,1.1813198328018188
53523,28.794435501098633,29.260446548461914,28.790874481201172,30.97104565863605,28.790874481201172
53802,1.0833762884140015,1.050091028213501,1.151092290878296,1.0918438961794983,1.050091028213501
59106,0.9148449897766113,0.932876467704773,0.845946192741394,0.6139593633713422,0.932876467704773
59114,1.0402950048446655,1.0640525817871094,1.0237269401550293,0.6169721408927479,1.0640525817871094
64365,0.7815219163894653,0.7906283140182495,0.8083489537239075,0.6043439493455519,0.7906283140182495
64379,0.7652187943458557,0.7664191126823425,0.8075758814811707,0.8376415833666048,0.7664191126823425
64391,0.8697331547737122,0.8749989867210388,0.8870695233345032,0.5779195416537419,0.8749989867210388
64439,0.7825750708580017,0.7841078042984009,0.8291225433349609,0.6726208057028549,0.7841078042984009
64473,0.6589014530181885,0.6418328881263733,0.7155149579048157,0.6825498607169244,0.7155149579048157
64507,1.1100246906280518,1.0774160623550415,1.1616722345352173,1.1026898555957405,1.0774160623550415
64543,0.8835019469261169,0.8247946500778198,0.9914233088493347,1.1254139658612887,0.8247946500778198
64599,0.6881974339485168,0.5967652201652527,0.7832720875740051,0.8328257479936904,0.5967652201652527
65959,1.1927945613861084,1.205886721611023,1.2058597803115845,1.1835781562622825,1.2058597803115845
65965,2.216306686401367,2.257643938064575,2.187101364135742,2.5201392411726546,2.257643938064575
66039,1.5828496217727661,1.6420537233352661,1.438133716583252,1.2074853996820583,1.6420537233352661
66048,1.0736408233642578,1.1043168306350708,1.075976848602295,1.1953484192085235,1.1043168306350708
66050,1.1967484951019287,1.2565908432006836,1.1634913682937622,1.2336239406262963,1.2565908432006836
66076,0.9955424070358276,0.8846561312675476,1.0738023519515991,0.9178633187924035,1.0738023519515991
66083,1.0322489738464355,1.032938003540039,1.0685570240020752,1.0016876425791879,1.032938003540039
66092,0.6363807320594788,0.6697052717208862,0.634893000125885,0.4622241928634161,0.6697052717208862
66098,0.8471559882164001,0.9415990710258484,0.8081026077270508,0.5266046133589426,0.8081026077270508
66105,1.0906035900115967,1.1154801845550537,1.0725657939910889,0.8292537457908089,1.1154801845550537
66118,1.1146762371063232,1.1314454078674316,1.120237946510315,0.8354435457163376,1.1314454078674316
66121,0.8367034196853638,0.8537260890007019,0.8480834364891052,0.7581042838416954,0.8537260890007019
66126,1.4178377389907837,1.4395763874053955,1.4025766849517822,1.3267032136162156,1.4025766849517822
66132,1.2093209028244019,1.205517053604126,1.2215585708618164,1.0495931805155525,1.205517053604126
66134,0.9440017938613892,0.9466858506202698,0.973292887210846,0.8432323219473034,0.973292887210846
66155,0.6306300759315491,0.6728548407554626,0.6387217044830322,0.46179695099129114,0.6728548407554626
66156,0.9019727110862732,0.9033125042915344,0.9510935544967651,0.9020632662642475,0.9033125042915344
66199,1.3163871765136719,1.3135693073272705,1.3311641216278076,1.3008850745735094,1.3135693073272705
66216,0.6922134757041931,0.7110385894775391,0.7083898782730103,0.48509865937078267,0.7110385894775391
66222,0.8097314834594727,0.8756788372993469,0.7638069987297058,0.5235475481383782,0.8756788372993469
66224,0.9387341141700745,1.0084575414657593,0.9680808782577515,0.9389823934853349,1.0084575414657593
66250,0.8765543103218079,0.8887473344802856,0.8742624521255493,0.6992726038160583,0.8887473344802856
66256,0.7091849446296692,0.7571166753768921,0.7040464282035828,0.5983312663635854,0.7571166753768921
66265,1.1700831651687622,1.2629493474960327,1.0995663404464722,0.7288963106889174,1.0995663404464722
66266,0.9993686079978943,1.009441614151001,1.0081653594970703,1.0094997067616762,1.009441614151001
66268,1.3113003969192505,1.313673973083496,1.33420991897583,1.2329779235168945,1.33420991897583
66272,1.5079904794692993,1.5082017183303833,1.5205682516098022,1.3950807675474857,1.5082017183303833
66318,0.7556729912757874,0.8842107057571411,0.7064959406852722,0.5290604317640827,0.8842107057571411
66323,1.226040244102478,1.2443492412567139,1.2308202981948853,1.0593087059983088,1.2443492412567139
66337,1.1515456438064575,1.1545181274414062,1.1728782653808594,1.138881879469805,1.1545181274414062
66352,1.2107014656066895,1.2550103664398193,1.1216405630111694,1.0917370636075596,1.2550103664398193
66369,1.1726495027542114,1.1721813678741455,1.198704719543457,1.0522156974935293,1.1721813678741455
66380,1.3560084104537964,1.3763254880905151,1.3578513860702515,1.3002696144880945,1.3763254880905151
66381,0.9899018406867981,1.0589898824691772,0.888763964176178,0.5080914084424631,1.0589898824691772
66385,1.475372552871704,1.5195425748825073,1.4468371868133545,1.164736077758224,1.5195425748825073
66393,1.1573435068130493,1.1832128763198853,1.1448357105255127,0.8841062257783499,1.1832128763198853
66406,0.8875247240066528,0.9535258412361145,0.832908034324646,0.5877292051906939,0.9535258412361145
66446,0.8350796699523926,0.8303635716438293,0.8872323632240295,0.854142270668176,0.8303635716438293
66458,0.5574400424957275,0.4846254885196686,0.6490055322647095,0.5712880813641242,0.4846254885196686
66461,0.4577173888683319,0.47920653223991394,0.49749189615249634,0.5155275085672523,0.47920653223991394
66500,0.7573639750480652,0.7743937969207764,0.7956981062889099,0.6898291874855054,0.7743937969207764
66507,1.639182209968567,1.649232268333435,1.63844633102417,1.653292608769687,1.649232268333435
66517,0.8370464444160461,0.8736414909362793,0.828894317150116,0.5890074770044851,0.8736414909362793
66520,1.5696152448654175,1.6117302179336548,1.5164340734481812,1.8366120285342642,1.6117302179336548
66528,0.7726325988769531,0.8407737612724304,0.7415760159492493,0.4910120761445489,0.8407737612724304
66541,0.7981552481651306,0.7696609497070312,0.8557044863700867,0.8564327056686759,0.7696609497070312
66556,0.9210547804832458,0.9034569263458252,0.970300018787384,0.9758253618702154,0.9034569263458252
66567,0.6571393013000488,0.6952738165855408,0.6630517840385437,0.5410759526863018,0.6952738165855408
66571,0.4785613417625427,0.40516772866249084,0.5340971946716309,0.32731670857702033,0.40516772866249084
66602,1.4902479648590088,1.516356348991394,1.4676673412322998,1.3377062650428144,1.516356348991394
66603,0.5732302069664001,0.584221363067627,0.646879255771637,0.6144583017346602,0.646879255771637
66607,1.0668047666549683,1.086461067199707,1.0671950578689575,0.8638114675331046,1.086461067199707
66608,1.1259585618972778,1.1634951829910278,1.1176512241363525,1.0632056176374072,1.1634951829910278
66611,1.0331748723983765,1.0559731721878052,1.0337703227996826,0.8898036953198817,1.0559731721878052
66616,0.9053115844726562,0.9149358868598938,0.9361897110939026,0.7068024779381953,0.9149358868598938
66620,0.8195533752441406,0.8438686728477478,0.834666907787323,0.7727336512434748,0.8438686728477478
85354,1.0385968685150146,1.0576237440109253,1.0426722764968872,1.0970552806399143,1.0576237440109253
87182,1.3977636098861694,1.379084825515747,1.4137401580810547,1.2025202978006466,1.4137401580810547
87184,0.9207007884979248,0.9561448693275452,0.9152518510818481,0.7994465086750132,0.9561448693275452
88074,1.1525170803070068,1.137291669845581,1.231073021888733,1.2236397451364844,1.137291669845581
88075,3.611576557159424,3.538973331451416,3.7332234382629395,4.11127030383335,3.538973331451416
103037,1.2511160373687744,1.3004634380340576,1.2416592836380005,1.2215649954902794,1.2416592836380005
103048,1.7022007703781128,1.6658406257629395,1.747994065284729,2.0329904242531693,1.6658406257629395
103050,0.6660476326942444,0.7027337551116943,0.6072129607200623,0.45119498271953296,0.7027337551116943
103071,1.0093841552734375,1.0209088325500488,1.0268088579177856,0.9933449274304283,1.0268088579177856
103076,1.321488380432129,1.3308862447738647,1.328272819519043,1.2912809020420157,1.328272819519043
103082,0.8622176647186279,0.8819885849952698,0.8908323049545288,0.8500213812966962,0.8819885849952698
103083,0.8438887000083923,0.9093621969223022,0.8024970889091492,0.6769154792045682,0.9093621969223022
103086,0.6816145181655884,0.7179114818572998,0.6913564205169678,0.684425764117757,0.7179114818572998
103096,0.8589931130409241,1.1039748191833496,0.7446317672729492,0.7367192397308204,1.1039748191833496
103290,1.143424391746521,1.158461570739746,1.1585161685943604,1.120800066981584,1.158461570739746
103419,1.1089963912963867,1.116512417793274,1.1181766986846924,1.0572115695351656,1.116512417793274
104315,0.8685448169708252,0.9191300272941589,0.8556475639343262,0.531369213762477,0.9191300272941589
104316,0.9720012545585632,1.0329182147979736,0.984225332736969,0.8780200412547173,0.984225332736969
109298,0.5578454732894897,0.5958626866340637,0.5583885312080383,0.3328162979608828,0.5958626866340637
118237,1.0184024572372437,0.9484522938728333,1.0695469379425049,1.1442406911987966,0.9484522938728333
118260,3.4684336185455322,3.4558541774749756,3.4841363430023193,3.7461379802755976,3.4841363430023193
118345,2.1956803798675537,2.1637790203094482,2.212822914123535,2.4649454145129743,2.212822914123535
118412,1.0068607330322266,1.0476446151733398,0.9862411618232727,1.2265663765299808,0.9862411618232727
118526,1.227697491645813,1.2565686702728271,1.219048261642456,1.0774389810781608,1.2565686702728271
118579,1.2064024209976196,1.2506945133209229,1.166703462600708,1.1948242011774464,1.2506945133209229
118588,0.7855770587921143,0.8152297735214233,0.7632326483726501,0.5268015840274217,0.8152297735214233
118619,1.0185887813568115,1.0148197412490845,1.0330482721328735,0.9558028920809892,1.0148197412490845
118623,0.7754109501838684,0.801513671875,0.7733621597290039,0.6239748987319738,0.801513671875
118625,1.0038132667541504,1.0473651885986328,0.9817395210266113,0.8292635944918925,0.9817395210266113
118626,1.1055583953857422,1.1098957061767578,1.1018749475479126,0.892082546408986,1.1018749475479126
118631,1.024533987045288,1.0346559286117554,1.0291491746902466,0.8558629963384272,1.0346559286117554
118670,0.8841495513916016,0.9042842388153076,0.8824875354766846,0.6773750327751431,0.9042842388153076
118719,1.3611153364181519,1.3698724508285522,1.3686140775680542,1.1247809554885777,1.3698724508285522
118752,0.7686031460762024,0.8059714436531067,0.7602013945579529,0.629278949956517,0.7602013945579529
118753,1.116738200187683,1.118901252746582,1.1275222301483154,1.0464995600243567,1.1275222301483154
118794,0.9622936248779297,0.9903470277786255,0.9599047303199768,0.7653213475275553,0.9599047303199768
118851,1.0825194120407104,1.0683335065841675,1.1115992069244385,0.9972995266503314,1.0683335065841675
118866,0.7795600295066833,0.8184614181518555,0.7695605158805847,0.6424255530009696,0.7695605158805847
118867,1.1457972526550293,1.1354705095291138,1.1588709354400635,0.9989898586901711,1.1588709354400635
120044,0.6758415699005127,0.6919118165969849,0.6961871385574341,0.7163706729122651,0.6919118165969849
