model_family,split,rmse,mae,r2,n,budget_label,budget_windows_per_site,effective_train_windows_total,mean_train_windows_per_site,median_train_windows_per_site
Context-Aware Selective Learning,cal,1.5164875053950049,0.8806570768356323,0.2435572743415832,1302,full,,5493,53.85294117647059,64.0
Site-Hard Expert Selector,cal,1.5293171419673983,0.9109715819358826,0.2307039499282837,1302,full,,5493,53.85294117647059,64.0
Deep Context LSTM (Always TL),cal,1.5552534290613789,0.9456417560577391,0.2043890953063964,1302,full,,5493,53.85294117647059,64.0
Deep Context LSTM (No TL),cal,1.5824390780517394,0.9612739682197572,0.1763316392898559,1302,full,,5493,53.85294117647059,64.0
Random Forest,cal,1.60137327316891,0.977529220026002,0.1565030139262676,1302,full,,5493,53.85294117647059,64.0
Baseline LSTM (TL),cal,1.7511601689543288,1.1479140520095823,-0.0086723566055297,1302,full,,5493,53.85294117647059,64.0
Baseline LSTM (No TL),cal,1.7657565177614636,1.1602245569229126,-0.025557518005371,1302,full,,5493,53.85294117647059,64.0
Site-Hard Expert Selector,test,2.049646379628608,1.0216357707977295,0.2483836412429809,2034,full,,5493,53.85294117647059,64.0
Deep Context LSTM (Always TL),test,2.0519051514802986,1.0239311456680298,0.2467260956764221,2034,full,,5493,53.85294117647059,64.0
Context-Aware Selective Learning,test,2.0901791312371243,1.0252087116241455,0.2183625698089599,2034,full,,5493,53.85294117647059,64.0
Deep Context LSTM (No TL),test,2.132785224041476,1.0383845567703247,0.186172068119049,2034,full,,5493,53.85294117647059,64.0
Random Forest,test,2.212496896669064,1.0714898354358384,0.1242024781166344,2034,full,,5493,53.85294117647059,64.0
Baseline LSTM (No TL),test,2.3692919752768606,1.2417179346084597,-0.0043278932571411,2034,full,,5493,53.85294117647059,64.0
Baseline LSTM (TL),test,2.3697824890182577,1.247081637382507,-0.0047438144683837,2034,full,,5493,53.85294117647059,64.0
Deep Context LSTM (No TL),val,1.3652458572450576,0.9108533263206482,0.1961172819137573,1703,full,,5493,53.85294117647059,64.0
Context-Aware Selective Learning,val,1.3704496430306905,0.9188309907913208,0.1899774074554443,1703,full,,5493,53.85294117647059,64.0
Site-Hard Expert Selector,val,1.3762411238187489,0.9222007393836976,0.1831166744232177,1703,full,,5493,53.85294117647059,64.0
Deep Context LSTM (Always TL),val,1.3808728855448715,0.9314102530479432,0.1776089668273925,1703,full,,5493,53.85294117647059,64.0
Random Forest,val,1.406906943193178,0.9504793196801636,0.146307066075039,1703,full,,5493,53.85294117647059,64.0
Baseline LSTM (TL),val,1.5282054918929129,1.0677162408828735,-0.0072435140609741,1703,full,,5493,53.85294117647059,64.0
Baseline LSTM (No TL),val,1.5291337940864709,1.069728136062622,-0.0084675550460815,1703,full,,5493,53.85294117647059,64.0
Site-Hard Expert Selector,cal,1.5371637395335738,0.9330385327339172,0.222789466381073,1302,12,12.0,1080,10.588235294117649,12.0
Random Forest,cal,1.5470156290277712,0.9345502095600198,0.2127951051006521,1302,12,12.0,1080,10.588235294117649,12.0
Context-Aware Selective Learning,cal,1.556588548964241,0.9551193118095398,0.2030225396156311,1302,12,12.0,1080,10.588235294117649,12.0
Deep Context LSTM (Always TL),cal,1.55990499537287,0.957426130771637,0.1996228694915771,1302,12,12.0,1080,10.588235294117649,12.0
Deep Context LSTM (No TL),cal,1.577987891558085,0.9845682978630066,0.180958867073059,1302,12,12.0,1080,10.588235294117649,12.0
Baseline LSTM (TL),cal,1.749846792326574,1.1472537517547607,-0.007159948348999,1302,12,12.0,1080,10.588235294117649,12.0
Baseline LSTM (No TL),cal,1.7621156368089388,1.15614914894104,-0.0213326215744018,1302,12,12.0,1080,10.588235294117649,12.0
Deep Context LSTM (No TL),test,2.082635330254253,1.0708214044570925,0.2239945530891418,2034,12,12.0,1080,10.588235294117649,12.0
Context-Aware Selective Learning,test,2.109663879958456,1.1110366582870483,0.2037217020988464,2034,12,12.0,1080,10.588235294117649,12.0
Random Forest,test,2.1136382488722933,1.0280239412065637,0.2007186298621979,2034,12,12.0,1080,10.588235294117649,12.0
Site-Hard Expert Selector,test,2.133665144964453,1.1551579236984253,0.1855003833770752,2034,12,12.0,1080,10.588235294117649,12.0
Deep Context LSTM (Always TL),test,2.157944939130988,1.2041091918945312,0.1668579578399658,2034,12,12.0,1080,10.588235294117649,12.0
Baseline LSTM (No TL),test,2.368266549006584,1.2409336566925049,-0.0034587383270263,2034,12,12.0,1080,10.588235294117649,12.0
Baseline LSTM (TL),test,2.3761509565956187,1.2606899738311768,-0.0101512670516967,2034,12,12.0,1080,10.588235294117649,12.0
Random Forest,val,1.375610904589062,0.9373710599500998,0.1838647037940645,1703,12,12.0,1080,10.588235294117649,12.0
Context-Aware Selective Learning,val,1.381614899227294,0.939533531665802,0.1767249107360839,1703,12,12.0,1080,10.588235294117649,12.0
Deep Context LSTM (Always TL),val,1.3859528481580838,0.9405384063720704,0.171546995639801,1703,12,12.0,1080,10.588235294117649,12.0
Site-Hard Expert Selector,val,1.3866052285592532,0.945095717906952,0.1707668900489807,1703,12,12.0,1080,10.588235294117649,12.0
Deep Context LSTM (No TL),val,1.3867552416660955,0.9511208534240724,0.1705874800682068,1703,12,12.0,1080,10.588235294117649,12.0
Baseline LSTM (TL),val,1.5284374643098448,1.0685185194015503,-0.0075492858886718,1703,12,12.0,1080,10.588235294117649,12.0
Baseline LSTM (No TL),val,1.5313819516996985,1.0716174840927124,-0.0114350318908691,1703,12,12.0,1080,10.588235294117649,12.0
Context-Aware Selective Learning,cal,1.5536896076572495,0.9316514730453492,0.2059882283210754,1302,24,24.0,2073,20.323529411764707,24.0
Site-Hard Expert Selector,cal,1.559222560609939,0.9457593560218812,0.2003229856491089,1302,24,24.0,2073,20.323529411764707,24.0
Deep Context LSTM (Always TL),cal,1.574669028126698,0.965584635734558,0.1844004988670349,1302,24,24.0,2073,20.323529411764707,24.0
Deep Context LSTM (No TL),cal,1.575050758876008,0.9636276364326476,0.1840050220489502,1302,24,24.0,2073,20.323529411764707,24.0
Random Forest,cal,1.579190133453672,0.9570351209533724,0.1797103587828656,1302,24,24.0,2073,20.323529411764707,24.0
Baseline LSTM (TL),cal,1.7516027331942228,1.1494182348251345,-0.009182333946228,1302,24,24.0,2073,20.323529411764707,24.0
Baseline LSTM (No TL),cal,1.7610610444700243,1.1551682949066162,-0.0201104879379272,1302,24,24.0,2073,20.323529411764707,24.0
Deep Context LSTM (No TL),test,2.1396981341929404,1.0983036756515503,0.1808878779411316,2034,24,24.0,2073,20.323529411764707,24.0
Context-Aware Selective Learning,test,2.1403029819164936,1.102563500404358,0.1804247498512268,2034,24,24.0,2073,20.323529411764707,24.0
Deep Context LSTM (Always TL),test,2.1428348244912603,1.1069073677062988,0.178484559059143,2034,24,24.0,2073,20.323529411764707,24.0
Site-Hard Expert Selector,test,2.143889006175642,1.1072180271148682,0.1776760816574096,2034,24,24.0,2073,20.323529411764707,24.0
Random Forest,test,2.1754406239539064,1.060518100308654,0.1532936047326469,2034,24,24.0,2073,20.323529411764707,24.0
Baseline LSTM (TL),test,2.373799070601362,1.2552340030670166,-0.0081526041030883,2034,24,24.0,2073,20.323529411764707,24.0
Baseline LSTM (No TL),test,2.395332339329685,1.293541669845581,-0.026525855064392,2034,24,24.0,2073,20.323529411764707,24.0
Deep Context LSTM (Always TL),val,1.3780700914858175,0.927249312400818,0.18094402551651,1703,24,24.0,2073,20.323529411764707,24.0
Context-Aware Selective Learning,val,1.3805845599557132,0.929940104484558,0.1779523491859436,1703,24,24.0,2073,20.323529411764707,24.0
Deep Context LSTM (No TL),val,1.3810595160966226,0.92994225025177,0.1773867011070251,1703,24,24.0,2073,20.323529411764707,24.0
Site-Hard Expert Selector,val,1.3823378012153926,0.9296097755432128,0.1758631467819214,1703,24,24.0,2073,20.323529411764707,24.0
Random Forest,val,1.3918276103285416,0.941503480218594,0.1645088845396329,1703,24,24.0,2073,20.323529411764707,24.0
Baseline LSTM (TL),val,1.5274707321884309,1.067329168319702,-0.0062751770019531,1703,24,24.0,2073,20.323529411764707,24.0
Baseline LSTM (No TL),val,1.5323020279475894,1.073789358139038,-0.0126508474349975,1703,24,24.0,2073,20.323529411764707,24.0
Context-Aware Selective Learning,cal,1.5268460997174176,0.9090538620948792,0.2331879734992981,1302,48,48.0,3910,38.333333333333336,48.0
Site-Hard Expert Selector,cal,1.5380648560063188,0.9373791217803956,0.2218779921531677,1302,48,48.0,3910,38.333333333333336,48.0
Deep Context LSTM (Always TL),cal,1.5547716894309929,0.9627886414527892,0.2048819661140442,1302,48,48.0,3910,38.333333333333336,48.0
Deep Context LSTM (No TL),cal,1.5795705236936717,0.966583490371704,0.1793150901794433,1302,48,48.0,3910,38.333333333333336,48.0
Random Forest,cal,1.5873051369164433,0.9690393068409632,0.1712582332914717,1302,48,48.0,3910,38.333333333333336,48.0
Baseline LSTM (TL),cal,1.7588771732336688,1.1550488471984863,-0.0175820589065551,1302,48,48.0,3910,38.333333333333336,48.0
Baseline LSTM (No TL),cal,1.77027079304978,1.1652649641036987,-0.0308079719543457,1302,48,48.0,3910,38.333333333333336,48.0
Deep Context LSTM (Always TL),test,2.114652122042659,1.0525318384170532,0.1999517083168029,2034,48,48.0,3910,38.333333333333336,48.0
Site-Hard Expert Selector,test,2.115457426165255,1.0507440567016602,0.1993422508239746,2034,48,48.0,3910,38.333333333333336,48.0
Context-Aware Selective Learning,test,2.119004711943388,1.0472755432128906,0.1966547966003418,2034,48,48.0,3910,38.333333333333336,48.0
Deep Context LSTM (No TL),test,2.1532574218423672,1.0660463571548462,0.1704735159873962,2034,48,48.0,3910,38.333333333333336,48.0
Random Forest,test,2.203899289960624,1.069703932383404,0.1309958278363268,2034,48,48.0,3910,38.333333333333336,48.0
Baseline LSTM (No TL),test,2.3712454783427197,1.244853138923645,-0.0059846639633178,2034,48,48.0,3910,38.333333333333336,48.0
Baseline LSTM (TL),test,2.3779210648585964,1.2583519220352173,-0.0116567611694335,2034,48,48.0,3910,38.333333333333336,48.0
Context-Aware Selective Learning,val,1.369599400166799,0.9189795851707458,0.1909822225570678,1703,48,48.0,3910,38.333333333333336,48.0
Site-Hard Expert Selector,val,1.3703989730223167,0.9213569760322572,0.1900373101234436,1703,48,48.0,3910,38.333333333333336,48.0
Deep Context LSTM (Always TL),val,1.3718763329710166,0.924490749835968,0.188289999961853,1703,48,48.0,3910,38.333333333333336,48.0
Deep Context LSTM (No TL),val,1.3755736888170635,0.9225046038627625,0.1839088201522827,1703,48,48.0,3910,38.333333333333336,48.0
Random Forest,val,1.3955966242620756,0.93675170258507,0.1599778042745547,1703,48,48.0,3910,38.333333333333336,48.0
Baseline LSTM (TL),val,1.5232129053695116,1.0640578269958496,-0.0006729364395141,1703,48,48.0,3910,38.333333333333336,48.0
Baseline LSTM (No TL),val,1.5269966999510434,1.0681142807006836,-0.0056507587432861,1703,48,48.0,3910,38.333333333333336,48.0
Context-Aware Selective Learning,cal,1.5301953011570868,0.8971603512763977,0.2298202514648437,1302,72,72.0,5269,51.65686274509804,64.0
Site-Hard Expert Selector,cal,1.541042003720085,0.9252610802650452,0.218862771987915,1302,72,72.0,5269,51.65686274509804,64.0
Deep Context LSTM (Always TL),cal,1.5685872331657351,0.9566715955734252,0.1906884312629699,1302,72,72.0,5269,51.65686274509804,64.0
Deep Context LSTM (No TL),cal,1.5744806644467486,0.9593414664268494,0.1845956444740295,1302,72,72.0,5269,51.65686274509804,64.0
Random Forest,cal,1.596618102546428,0.9724778473606172,0.1615049919148091,1302,72,72.0,5269,51.65686274509804,64.0
Baseline LSTM (TL),cal,1.7526111876605477,1.150130033493042,-0.0103447437286376,1302,72,72.0,5269,51.65686274509804,64.0
Baseline LSTM (No TL),cal,1.7646792419143094,1.1590533256530762,-0.0243065357208251,1302,72,72.0,5269,51.65686274509804,64.0
Deep Context LSTM (Always TL),test,2.1032308883424413,1.0387346744537354,0.2085704207420349,2034,72,72.0,5269,51.65686274509804,64.0
Context-Aware Selective Learning,test,2.11611291845851,1.0343148708343506,0.1988459825515747,2034,72,72.0,5269,51.65686274509804,64.0
Site-Hard Expert Selector,test,2.1410959658471738,1.0376372337341309,0.179817259311676,2034,72,72.0,5269,51.65686274509804,64.0
Deep Context LSTM (No TL),test,2.1474311830021424,1.0501338243484497,0.1749565005302429,2034,72,72.0,5269,51.65686274509804,64.0
Random Forest,test,2.20454948006839,1.062454516091886,0.1304830083402913,2034,72,72.0,5269,51.65686274509804,64.0
Baseline LSTM (No TL),test,2.368912575006706,1.2412718534469604,-0.0040062665939331,2034,72,72.0,5269,51.65686274509804,64.0
Baseline LSTM (TL),test,2.3696362007763008,1.247028350830078,-0.0046197175979614,2034,72,72.0,5269,51.65686274509804,64.0
Context-Aware Selective Learning,val,1.364638999599493,0.9095190167427064,0.1968317627906799,1703,72,72.0,5269,51.65686274509804,64.0
Deep Context LSTM (No TL),val,1.3659720549426837,0.9096587896347046,0.1952618360519409,1703,72,72.0,5269,51.65686274509804,64.0
Site-Hard Expert Selector,val,1.368147028313949,0.912417769432068,0.1926971077919006,1703,72,72.0,5269,51.65686274509804,64.0
Deep Context LSTM (Always TL),val,1.3697242091675563,0.9164363741874696,0.1908347606658935,1703,72,72.0,5269,51.65686274509804,64.0
Random Forest,val,1.3995115903679722,0.9426610816004676,0.1552582870661739,1703,72,72.0,5269,51.65686274509804,64.0
Baseline LSTM (TL),val,1.5270391682495927,1.066776156425476,-0.0057066679000854,1703,72,72.0,5269,51.65686274509804,64.0
Baseline LSTM (No TL),val,1.5295690535451445,1.0700571537017822,-0.0090416669845581,1703,72,72.0,5269,51.65686274509804,64.0
