model_family,split,rmse,mae,r2,n,seed
Context-Aware Selective Learning,cal,1.5535039949737148,0.9222747683525085,0.2061779499053955,1302,11
Deep Context LSTM (No TL),cal,1.5846760811730014,0.9738814830780029,0.1740012764930725,1302,11
Site-Hard Expert Selector,cal,1.5891571436841567,0.9750562310218811,0.16932320594787598,1302,11
Random Forest,cal,1.6016513161911294,0.9779794469225034,0.15621007933630304,1302,11
Deep Context LSTM (Always TL),cal,1.6086700525107218,1.0007961988449097,0.14879858493804932,1302,11
Baseline LSTM (TL),cal,1.752600848878287,1.1493149995803833,-0.010332703590393066,1302,11
Baseline LSTM (No TL),cal,1.7665743005946521,1.1611239910125732,-0.02650761604309082,1302,11
Context-Aware Selective Learning,test,2.159405596857219,1.036003828048706,0.16572964191436768,2034,11
Deep Context LSTM (Always TL),test,2.163653834347462,1.0429445505142212,0.16244393587112427,2034,11
Deep Context LSTM (No TL),test,2.1719561225505712,1.0774023532867432,0.1560039520263672,2034,11
Site-Hard Expert Selector,test,2.1738015830449497,1.0533719062805176,0.1545690894126892,2034,11
Random Forest,test,2.2073936940762304,1.0655898940046227,0.12823793489710134,2034,11
Baseline LSTM (No TL),test,2.3697431510458493,1.2424414157867432,-0.00471043586730957,2034,11
Baseline LSTM (TL),test,2.3719914102447035,1.25025475025177,-0.00661778450012207,2034,11
Context-Aware Selective Learning,val,1.3504708352073382,0.9015706181526184,0.2134227752685547,1703,11
Deep Context LSTM (Always TL),val,1.3533384088756175,0.9052870273590088,0.21007877588272095,1703,11
Deep Context LSTM (No TL),val,1.3533705156054165,0.9043148159980774,0.21004128456115723,1703,11
Site-Hard Expert Selector,val,1.353833314017368,0.9059116840362549,0.2095009684562683,1703,11
Random Forest,val,1.3967307906772528,0.9392649730413767,0.1586119194999993,1703,11
Baseline LSTM (TL),val,1.5265157264876479,1.0670192241668701,-0.005017280578613281,1703,11
Baseline LSTM (No TL),val,1.528696773098387,1.0693631172180176,-0.007891297340393066,1703,11
Context-Aware Selective Learning,cal,1.5483761833976621,0.9091916680335999,0.21140986680984497,1302,23
Site-Hard Expert Selector,cal,1.5703041493967176,0.9494925141334534,0.18891578912734985,1302,23
Deep Context LSTM (Always TL),cal,1.5825452181606672,0.9649175405502319,0.1762210726737976,1302,23
Deep Context LSTM (No TL),cal,1.5935139948814177,0.9735302329063416,0.16476213932037354,1302,23
Random Forest,cal,1.5941374465258804,0.9707498304812732,0.1641084972003286,1302,23
Baseline LSTM (TL),cal,1.7560377868375354,1.1520156860351562,-0.014299154281616211,1302,23
Baseline LSTM (No TL),cal,1.7664688254487677,1.1610430479049683,-0.026385068893432617,1302,23
Site-Hard Expert Selector,test,2.111485647417881,1.0488531589508057,0.2023458480834961,2034,23
Context-Aware Selective Learning,test,2.1123835830663085,1.0387142896652222,0.20166736841201782,2034,23
Deep Context LSTM (Always TL),test,2.1142103370463596,1.0537630319595337,0.2002859115600586,2034,23
Deep Context LSTM (No TL),test,2.1210889166395783,1.0302842855453491,0.19507372379302979,2034,23
Random Forest,test,2.2111940944595614,1.0688125104600767,0.12523358014339903,2034,23
Baseline LSTM (No TL),test,2.3694029660437304,1.2419031858444214,-0.00442194938659668,2034,23
Baseline LSTM (TL),test,2.3705014238399533,1.2500030994415283,-0.005353450775146484,2034,23
Deep Context LSTM (No TL),val,1.3637107456757092,0.9093979001045227,0.19792407751083374,1703,23
Context-Aware Selective Learning,val,1.3640068768218858,0.9089566469192505,0.19757568836212158,1703,23
Site-Hard Expert Selector,val,1.3671470418120895,0.9116967916488647,0.19387680292129517,1703,23
Deep Context LSTM (Always TL),val,1.3677585390187315,0.9127686619758606,0.19315552711486816,1703,23
Random Forest,val,1.3964083303437647,0.9409238543534677,0.1590003736873915,1703,23
Baseline LSTM (TL),val,1.528768046062816,1.0690909624099731,-0.007985234260559082,1703,23
Baseline LSTM (No TL),val,1.5288407192308957,1.0695130825042725,-0.00808095932006836,1703,23
Context-Aware Selective Learning,cal,1.5164875053950049,0.8806570768356323,0.24355727434158325,1302,42
Site-Hard Expert Selector,cal,1.543167680881682,0.9291371703147888,0.21670633554458618,1302,42
Deep Context LSTM (Always TL),cal,1.5552534290613789,0.9456417560577393,0.20438909530639648,1302,42
Deep Context LSTM (No TL),cal,1.5824390780517394,0.9612739682197571,0.17633163928985596,1302,42
Random Forest,cal,1.60137327316891,0.9775292200260021,0.15650301392626764,1302,42
Baseline LSTM (TL),cal,1.7511601689543288,1.1479140520095825,-0.008672356605529785,1302,42
Baseline LSTM (No TL),cal,1.7657565177614636,1.1602245569229126,-0.025557518005371094,1302,42
Site-Hard Expert Selector,test,2.0452394430169933,1.0171056985855103,0.2516123056411743,2034,42
Deep Context LSTM (Always TL),test,2.0519051514802986,1.0239311456680298,0.24672609567642212,2034,42
Context-Aware Selective Learning,test,2.0901791312371243,1.0252087116241455,0.21836256980895996,2034,42
Deep Context LSTM (No TL),test,2.1327852240414757,1.0383845567703247,0.18617206811904907,2034,42
Random Forest,test,2.212496896669064,1.0714898354358384,0.12420247811663443,2034,42
Baseline LSTM (No TL),test,2.3692919752768606,1.2417179346084595,-0.004327893257141113,2034,42
Baseline LSTM (TL),test,2.3697824890182577,1.2470816373825073,-0.004743814468383789,2034,42
Deep Context LSTM (No TL),val,1.3652458572450576,0.9108533263206482,0.19611728191375732,1703,42
Context-Aware Selective Learning,val,1.3704496430306905,0.9188309907913208,0.18997740745544434,1703,42
Deep Context LSTM (Always TL),val,1.3808728855448715,0.9314102530479431,0.17760896682739258,1703,42
Site-Hard Expert Selector,val,1.3822512592234735,0.9292119741439819,0.1759663224220276,1703,42
Random Forest,val,1.406906943193178,0.9504793196801635,0.14630706607503907,1703,42
Baseline LSTM (TL),val,1.5282054918929129,1.0677162408828735,-0.007243514060974121,1703,42
Baseline LSTM (No TL),val,1.5291337940864707,1.069728136062622,-0.008467555046081543,1703,42
Context-Aware Selective Learning,cal,1.5494505123619757,0.9106624126434326,0.21031516790390015,1302,67
Site-Hard Expert Selector,cal,1.5708704474370971,0.9555585384368896,0.18833070993423462,1302,67
Deep Context LSTM (Always TL),cal,1.5822202969850716,0.9677865505218506,0.17655932903289795,1302,67
Deep Context LSTM (No TL),cal,1.5945051311650795,0.9699832797050476,0.16372281312942505,1302,67
Random Forest,cal,1.596766822628184,0.9732184691365401,0.16134877816060522,1302,67
Baseline LSTM (TL),cal,1.753708860169028,1.149878978729248,-0.011610627174377441,1302,67
Baseline LSTM (No TL),cal,1.7661039664877392,1.1606311798095703,-0.02596116065979004,1302,67
Site-Hard Expert Selector,test,2.1303216830986407,1.0460125207901,0.18805110454559326,2034,67
Context-Aware Selective Learning,test,2.135848905655671,1.036161184310913,0.1838323473930359,2034,67
Deep Context LSTM (Always TL),test,2.1408255824206988,1.0561771392822266,0.18002444505691528,2034,67
Deep Context LSTM (No TL),test,2.1677354841779044,1.054152488708496,0.1592808961868286,2034,67
Random Forest,test,2.2079170764398595,1.067508352943505,0.12782448895626541,2034,67
Baseline LSTM (TL),test,2.3686956756723676,1.2458001375198364,-0.0038224458694458008,2034,67
Baseline LSTM (No TL),test,2.3691431408748493,1.2415351867675781,-0.004201650619506836,2034,67
Deep Context LSTM (No TL),val,1.367397314048429,0.9103971123695374,0.19358164072036743,1703,67
Context-Aware Selective Learning,val,1.3678556716865502,0.9112676978111267,0.19304096698760986,1703,67
Site-Hard Expert Selector,val,1.3705177075182553,0.9132061004638672,0.18989694118499756,1703,67
Deep Context LSTM (Always TL),val,1.3727241234453285,0.9183207154273987,0.18728643655776978,1703,67
Random Forest,val,1.4038637839230492,0.9479367066410705,0.14999617132238252,1703,67
Baseline LSTM (No TL),val,1.529143305018838,1.0697479248046875,-0.008480072021484375,1703,67
Baseline LSTM (TL),val,1.5297189181318902,1.0695550441741943,-0.009239435195922852,1703,67
Context-Aware Selective Learning,cal,1.5490953327983583,0.910027027130127,0.21067708730697632,1302,89
Site-Hard Expert Selector,cal,1.5787945073152285,0.9568370580673218,0.1801213026046753,1302,89
Deep Context LSTM (No TL),cal,1.5916145828806145,0.9676297903060913,0.1667521595954895,1302,89
Deep Context LSTM (Always TL),cal,1.5918901849089109,0.9732233881950378,0.16646349430084229,1302,89
Random Forest,cal,1.602952252613411,0.9845068872861106,0.15483879104388643,1302,89
Baseline LSTM (TL),cal,1.7515407999891093,1.1487128734588623,-0.00911092758178711,1302,89
Baseline LSTM (No TL),cal,1.766083649335845,1.1605991125106812,-0.025937557220458984,1302,89
Deep Context LSTM (Always TL),test,2.1703676989836316,1.0700525045394897,0.1572379469871521,2034,89
Context-Aware Selective Learning,test,2.206124178402804,1.119960069656372,0.12924045324325562,2034,89
Random Forest,test,2.209442957086513,1.0740708627668927,0.12661855997096838,2034,89
Site-Hard Expert Selector,test,2.2142035956910977,1.1305054426193237,0.12285083532333374,2034,89
Deep Context LSTM (No TL),test,2.2743116448266694,1.2222908735275269,0.07458126544952393,2034,89
Baseline LSTM (No TL),test,2.368972759793896,1.2412371635437012,-0.00405728816986084,2034,89
Baseline LSTM (TL),test,2.3693655336553654,1.2466342449188232,-0.004390239715576172,2034,89
Deep Context LSTM (Always TL),val,1.3467994509438375,0.902510404586792,0.21769368648529053,1703,89
Context-Aware Selective Learning,val,1.3494252853600466,0.9002960920333862,0.21464025974273682,1703,89
Site-Hard Expert Selector,val,1.3495737338846008,0.9008640050888062,0.21446740627288818,1703,89
Deep Context LSTM (No TL),val,1.3627028672964492,0.9093201160430908,0.19910919666290283,1703,89
Random Forest,val,1.4023345013378674,0.9473349082997612,0.15184704610686794,1703,89
Baseline LSTM (TL),val,1.5287707752678255,1.0684635639190674,-0.007988810539245605,1703,89
Baseline LSTM (No TL),val,1.5293826180265608,1.0699613094329834,-0.008795857429504395,1703,89
