site_id,n_observations,share_obs_helped_by_always_tl,share_obs_harmed_by_always_tl,mean_delta_abs_error_always_tl_vs_no_tl,mean_delta_abs_error_selective_vs_no_tl,mean_delta_abs_error_selective_vs_always_tl,selective_partial_rescue_rate,selective_full_rescue_rate,cosine_similarity,months_used,Deep Context LSTM (No TL),Deep Context LSTM (Always TL),Context-Aware Selective Learning,delta_rmse_always_tl_vs_no_tl,delta_rmse_selective_vs_no_tl,delta_rmse_selective_vs_always_tl,always_tl_site_regime,selective_partial_rescue_site,selective_full_rescue_site
9689,39,0.7435897435897436,0.2564102564102564,-0.20065856,-0.10343208,0.09722646,0.20512820512820512,0.07692307692307693,0.5659646,17.0,1.0060756206512451,0.7869324684143066,0.8885565996170044,-0.21914315223693848,-0.11751902103424072,0.10162413120269775,helped,False,False
9943,35,0.7428571428571429,0.2571428571428571,-0.33473986,-0.3698393,-0.035099436,0.2,0.17142857142857143,0.5293636,82.0,1.282210350036621,0.8788652420043945,0.8868070840835571,-0.40334510803222656,-0.39540326595306396,0.007941842079162598,helped,False,False
10385,34,0.7352941176470589,0.2647058823529412,-0.17513214,-0.16256282,0.01256931,0.2647058823529412,0.14705882352941177,0.6220231,102.0,0.48097988963127136,0.3183308243751526,0.32980936765670776,-0.16264906525611877,-0.1511705219745636,0.011478543281555176,helped,False,False
18022,39,0.5897435897435898,0.41025641025641024,-0.0930272,-0.041975774,0.051051423,0.358974358974359,0.1282051282051282,0.6054965,7.0,0.7211154699325562,0.5827620029449463,0.6468026041984558,-0.13835346698760986,-0.07431286573410034,0.06404060125350952,helped,False,False
18027,39,0.5897435897435898,0.41025641025641024,-0.09665779,0.007694498,0.10435229,0.28205128205128205,0.1282051282051282,0.5650503,7.0,0.7254176139831543,0.597251832485199,0.6879873871803284,-0.12816578149795532,-0.03743022680282593,0.0907355546951294,helped,False,False
18055,39,0.5641025641025641,0.4358974358974359,-0.08227548,-0.050625227,0.031650253,0.3333333333333333,0.20512820512820512,0.6885283,7.0,0.6845604777336121,0.5389114022254944,0.6109442114830017,-0.14564907550811768,-0.07361626625061035,0.07203280925750732,helped,False,False
18086,39,0.7435897435897436,0.2564102564102564,-0.20689197,-0.13477524,0.07211671,0.15384615384615385,0.07692307692307693,0.62208045,7.0,1.0578267574310303,0.8369913697242737,0.912316620349884,-0.2208353877067566,-0.14551013708114624,0.07532525062561035,helped,False,False
29249,17,0.35294117647058826,0.6470588235294118,0.05841186,-0.011442695,-0.06985456,0.47058823529411764,0.4117647058823529,0.21736836,75.0,0.7674756050109863,0.8400653004646301,0.835762083530426,0.0725896954536438,0.0682864785194397,-0.0043032169342041016,harmed,True,False
29263,19,0.42105263157894735,0.5789473684210527,0.019379172,-0.025558848,-0.044938017,0.47368421052631576,0.21052631578947367,0.23373753,70.0,2.0359930992126465,2.0647125244140625,2.0016629695892334,0.028719425201416016,-0.034330129623413086,-0.0630495548248291,harmed,True,True
29357,18,0.16666666666666666,0.8333333333333334,0.08082949,-0.048528306,-0.1293578,0.7777777777777778,0.6111111111111112,0.29305062,76.0,0.8923904299736023,0.9669036865234375,0.8570472002029419,0.0745132565498352,-0.0353432297706604,-0.1098564863204956,harmed,True,True
29366,20,0.6,0.4,-0.0340059,0.005635788,0.039641686,0.35,0.2,0.33681178,73.0,0.8639339804649353,0.8434587121009827,0.8529567718505859,-0.020475268363952637,-0.010977208614349365,0.009498059749603271,helped,False,False
29373,14,0.35714285714285715,0.6428571428571429,0.068178885,-0.009129619,-0.0773085,0.5714285714285714,0.21428571428571427,0.29503244,72.0,0.8646940588951111,0.9370984435081482,0.890191376209259,0.07240438461303711,0.02549731731414795,-0.04690706729888916,harmed,True,False
29419,30,0.7,0.3,-0.09869424,-0.035715304,0.06297894,0.16666666666666666,0.03333333333333333,0.2343009,75.0,1.5452425479888916,1.4270457029342651,1.4761955738067627,-0.11819684505462646,-0.0690469741821289,0.04914987087249756,helped,False,False
29465,18,0.6111111111111112,0.3888888888888889,0.013894952,0.003546829,-0.010348123,0.1111111111111111,0.0,0.41363707,33.0,1.0117344856262207,1.0887371301651,1.1101131439208984,0.0770026445388794,0.09837865829467773,0.02137601375579834,harmed,False,False
29476,36,0.7222222222222222,0.2777777777777778,-0.11823053,-0.06065091,0.057579618,0.19444444444444445,0.05555555555555555,0.28703186,71.0,1.0884954929351807,0.9619746804237366,1.0282810926437378,-0.1265208125114441,-0.06021440029144287,0.06630641222000122,helped,False,False
29532,19,0.42105263157894735,0.5789473684210527,0.017266544,-0.13605575,-0.1533223,0.5263157894736842,0.3157894736842105,0.38090703,68.0,0.8303367495536804,0.8114591240882874,0.6094258427619934,-0.018877625465393066,-0.220910906791687,-0.20203328132629395,helped,False,False
29570,16,0.375,0.625,0.040516607,-0.12132507,-0.16184168,0.625,0.25,0.27907047,74.0,1.1775434017181396,1.1570217609405518,1.0783835649490356,-0.02052164077758789,-0.099159836769104,-0.07863819599151611,helped,False,False
29581,6,0.6666666666666666,0.3333333333333333,-0.022334462,-0.09164063,-0.06930617,0.3333333333333333,0.16666666666666666,,,1.3581821918487549,1.289345145225525,1.2644399404525757,-0.06883704662322998,-0.0937422513961792,-0.02490520477294922,helped,False,False
29599,16,0.5625,0.4375,-0.017178869,-0.019915417,-0.002736548,0.375,0.125,0.22535819,75.0,1.4871467351913452,1.4765454530715942,1.4597257375717163,-0.010601282119750977,-0.027420997619628906,-0.01681971549987793,helped,False,False
29680,17,0.23529411764705882,0.7647058823529411,0.04900894,0.011490809,-0.037518132,0.5294117647058824,0.11764705882352941,0.39026245,75.0,1.3775829076766968,1.4404761791229248,1.4014897346496582,0.06289327144622803,0.023906826972961426,-0.0389864444732666,harmed,True,False
29708,14,0.7857142857142857,0.21428571428571427,-0.09180119,-0.048162766,0.043638427,0.21428571428571427,0.07142857142857142,0.1594778,71.0,0.9187513589859009,0.8412266373634338,0.8540502190589905,-0.07752472162246704,-0.0647011399269104,0.01282358169555664,helped,False,False
29740,19,0.631578947368421,0.3684210526315789,-0.0261679,-0.018932987,0.0072349124,0.3157894736842105,0.10526315789473684,0.320812,42.0,1.3285146951675415,1.2703620195388794,1.2723451852798462,-0.05815267562866211,-0.05616950988769531,0.001983165740966797,helped,False,False
29756,19,0.5263157894736842,0.47368421052631576,0.01921507,-0.043052755,-0.062267818,0.47368421052631576,0.15789473684210525,0.2620216,76.0,0.9484882354736328,1.0037684440612793,0.9236420392990112,0.055280208587646484,-0.024846196174621582,-0.08012640476226807,harmed,True,True
29794,11,0.36363636363636365,0.6363636363636364,0.035590604,0.023602914,-0.01198769,0.45454545454545453,0.18181818181818182,0.26495233,69.0,4.218478679656982,4.189244270324707,4.1873884201049805,-0.02923440933227539,-0.031090259552001953,-0.0018558502197265625,helped,False,False
29812,17,0.5882352941176471,0.4117647058823529,0.005472681,-0.38280475,-0.3882774,0.4117647058823529,0.35294117647058826,0.19760868,88.0,0.9772154092788696,1.0036547183990479,0.5885919332504272,0.026439309120178223,-0.3886234760284424,-0.4150627851486206,harmed,True,True
29828,16,0.25,0.75,0.04084173,0.0033823103,-0.037459422,0.5625,0.375,0.6414941,18.0,0.8313894271850586,0.8651999831199646,0.7901151776313782,0.033810555934906006,-0.04127424955368042,-0.07508480548858643,harmed,True,True
29829,16,0.1875,0.8125,0.10530403,0.038214125,-0.06708991,0.6875,0.375,0.23433611,72.0,1.0549449920654297,1.1746057271957397,1.0941005945205688,0.11966073513031006,0.03915560245513916,-0.0805051326751709,harmed,True,False
29848,15,0.3333333333333333,0.6666666666666666,0.03710007,0.025020305,-0.012079763,0.6,0.13333333333333333,0.25596964,83.0,0.6506743431091309,0.7028337121009827,0.6923326849937439,0.05215936899185181,0.04165834188461304,-0.01050102710723877,harmed,True,False
29861,17,0.6470588235294118,0.35294117647058826,-0.037091423,-0.0073042633,0.029787162,0.35294117647058826,0.0,0.33707836,42.0,0.8279494047164917,0.7821162343025208,0.8135950565338135,-0.04583317041397095,-0.014354348182678223,0.031478822231292725,helped,False,False
29908,19,0.7368421052631579,0.2631578947368421,-0.07341274,-0.06643989,0.006972854,0.10526315789473684,0.10526315789473684,0.2268546,72.0,0.9153224229812622,0.8344168663024902,0.858594536781311,-0.08090555667877197,-0.05672788619995117,0.0241776704788208,helped,False,False
29909,15,0.5333333333333333,0.4666666666666667,0.07827683,0.0030970057,-0.075179815,0.4,0.0,,,1.5582823753356934,1.675710678100586,1.5639410018920898,0.11742830276489258,0.005658626556396484,-0.1117696762084961,harmed,True,False
29931,32,0.625,0.375,-0.073476,-0.034633055,0.038842946,0.28125,0.0625,0.20087205,87.0,1.220929503440857,1.1657098531723022,1.174409031867981,-0.05521965026855469,-0.04652047157287598,0.008699178695678711,helped,False,False
29961,34,0.5882352941176471,0.4117647058823529,-0.08959832,-0.06382831,0.02577001,0.29411764705882354,0.058823529411764705,0.25220582,72.0,1.3164969682693481,1.2595587968826294,1.250008225440979,-0.05693817138671875,-0.06648874282836914,-0.00955057144165039,helped,False,False
29971,15,0.26666666666666666,0.7333333333333333,0.087814346,0.0048104674,-0.083003886,0.6666666666666666,0.4,0.8236875,5.0,0.9824439883232117,1.05727219581604,0.9789084792137146,0.07482820749282837,-0.0035355091094970703,-0.07836371660232544,harmed,True,True
29982,19,0.6842105263157895,0.3157894736842105,-0.05864446,-0.050932843,0.0077116145,0.3157894736842105,0.0,0.38828057,78.0,0.7543991804122925,0.7267659902572632,0.7248760461807251,-0.027633190155029297,-0.029523134231567383,-0.001889944076538086,helped,False,False
29997,17,0.23529411764705882,0.7647058823529411,0.07454708,-0.015642067,-0.09018915,0.7058823529411765,0.29411764705882354,0.8803168,2.0,0.9302309155464172,1.0427521467208862,0.9494767785072327,0.112521231174469,0.01924586296081543,-0.09327536821365356,harmed,True,False
30035,19,0.5789473684210527,0.42105263157894735,-0.050690103,-0.06559539,-0.014905285,0.42105263157894735,0.05263157894736842,0.26242867,76.0,0.9794365763664246,0.9555148482322693,0.9344824552536011,-0.023921728134155273,-0.044954121112823486,-0.021032392978668213,helped,False,False
30066,18,0.5,0.5,0.020943215,0.015903868,-0.005039347,0.3888888888888889,0.1111111111111111,0.24604635,131.0,0.5608081221580505,0.5983961224555969,0.5858155488967896,0.03758800029754639,0.025007426738739014,-0.012580573558807373,harmed,True,False
30104,14,0.35714285714285715,0.6428571428571429,0.18051876,0.10977144,-0.07074733,0.42857142857142855,0.07142857142857142,0.23884137,78.0,2.5969903469085693,2.904953718185425,2.776385545730591,0.30796337127685547,0.17939519882202148,-0.12856817245483398,harmed,True,False
30225,14,0.5714285714285714,0.42857142857142855,-0.023370376,-0.032080203,-0.008709827,0.21428571428571427,0.07142857142857142,0.24400294,73.0,0.5492720603942871,0.5187084674835205,0.49450990557670593,-0.0305635929107666,-0.05476215481758118,-0.024198561906814575,helped,False,False
30247,39,0.6153846153846154,0.38461538461538464,-0.017137578,-0.2518637,-0.23472612,0.3333333333333333,0.20512820512820512,0.5671431,14.0,0.9200341105461121,0.8590002655982971,0.6104821562767029,-0.06103384494781494,-0.3095519542694092,-0.24851810932159424,helped,False,False
30249,25,0.64,0.36,-0.12361908,-0.10093216,0.022686925,0.2,0.08,0.34519556,61.0,1.1932603120803833,0.9747456908226013,0.9869042038917542,-0.21851462125778198,-0.20635610818862915,0.012158513069152832,helped,False,False
30265,27,0.5925925925925926,0.4074074074074074,-0.026909243,-0.011967976,0.014941267,0.25925925925925924,0.07407407407407407,0.30436182,78.0,0.5861939191818237,0.5598906874656677,0.5592918992042542,-0.026303231716156006,-0.02690201997756958,-0.0005987882614135742,helped,False,False
30341,33,0.7878787878787878,0.21212121212121213,-0.1476874,-0.09147954,0.056207858,0.18181818181818182,0.09090909090909091,0.26462767,73.0,1.0507032871246338,0.9088762998580933,0.9760714769363403,-0.14182698726654053,-0.07463181018829346,0.06719517707824707,helped,False,False
30380,17,0.47058823529411764,0.5294117647058824,0.022853564,-0.049864918,-0.07271848,0.47058823529411764,0.23529411764705882,0.5314365,16.0,0.8513104915618896,0.8783954977989197,0.7677469849586487,0.02708500623703003,-0.08356350660324097,-0.110648512840271,harmed,True,True
30385,18,0.5,0.5,-0.038973972,-0.2423346,-0.20336063,0.3888888888888889,0.3888888888888889,0.4331036,74.0,0.7503370046615601,0.7123204469680786,0.4689503014087677,-0.038016557693481445,-0.28138670325279236,-0.2433701455593109,helped,False,False
30425,8,0.875,0.125,-0.0853851,-0.062240224,0.023144871,0.125,0.125,0.19308144,91.0,1.4369882345199585,1.345491886138916,1.374922752380371,-0.09149634838104248,-0.0620654821395874,0.029430866241455078,helped,False,False
30427,19,0.5263157894736842,0.47368421052631576,-0.015450549,-0.028266622,-0.012816069,0.3684210526315789,0.05263157894736842,0.34020707,77.0,0.8014463186264038,0.7540389895439148,0.7583662271499634,-0.047407329082489014,-0.04308009147644043,0.004327237606048584,helped,False,False
30474,26,0.23076923076923078,0.7692307692307693,0.04289545,0.02825229,-0.014643159,0.5,0.3076923076923077,0.23902103,74.0,0.7196804285049438,0.7565778493881226,0.7292411923408508,0.03689742088317871,0.009560763835906982,-0.02733665704727173,harmed,True,False
30578,35,0.7714285714285715,0.22857142857142856,-0.14344303,-0.102591895,0.040851135,0.05714285714285714,0.02857142857142857,0.28054836,87.0,1.3811440467834473,1.2427197694778442,1.291890263557434,-0.13842427730560303,-0.08925378322601318,0.049170494079589844,helped,False,False
30586,29,0.4827586206896552,0.5172413793103449,-0.015364892,0.031115744,0.04648064,0.3103448275862069,0.20689655172413793,0.2854405,81.0,0.7894852757453918,0.7675891518592834,0.8192147016525269,-0.0218961238861084,0.02972942590713501,0.05162554979324341,helped,False,False
30638,1,1.0,0.0,-0.2020756,-0.14991188,0.05216372,0.0,0.0,0.45019642,42.0,1.896627426147461,1.6945518255233765,1.7467155456542969,-0.20207560062408447,-0.14991188049316406,0.05216372013092041,helped,False,False
30656,16,0.1875,0.8125,0.097142994,-0.030733436,-0.12787643,0.8125,0.5625,0.34704858,59.0,0.8278759717941284,0.8930375576019287,0.8306489586830139,0.06516158580780029,0.002772986888885498,-0.062388598918914795,harmed,True,False
30760,17,0.7058823529411765,0.29411764705882354,-0.068672575,-0.120320514,-0.05164794,0.23529411764705882,0.058823529411764705,0.49497777,81.0,0.6831976771354675,0.6584641933441162,0.5822588205337524,-0.02473348379135132,-0.10093885660171509,-0.07620537281036377,helped,False,False
30788,17,0.7647058823529411,0.23529411764705882,-0.07764756,-0.025349827,0.052297734,0.17647058823529413,0.11764705882352941,0.33335906,30.0,1.2270559072494507,1.1570435762405396,1.20902681350708,-0.07001233100891113,-0.018029093742370605,0.05198323726654053,helped,False,False
30795,27,0.5925925925925926,0.4074074074074074,-0.030222084,-0.07071758,-0.040495493,0.25925925925925924,0.18518518518518517,0.26132113,84.0,1.373289942741394,1.3992589712142944,1.3582578897476196,0.02596902847290039,-0.015032052993774414,-0.041001081466674805,harmed,True,True
30808,17,0.5294117647058824,0.47058823529411764,0.022540351,0.037640437,0.015100086,0.4117647058823529,0.058823529411764705,0.2584405,73.0,0.6402694582939148,0.6205139756202698,0.637454092502594,-0.01975548267364502,-0.0028153657913208008,0.01694011688232422,helped,False,False
30832,17,0.5882352941176471,0.4117647058823529,-0.058837906,-0.09724137,-0.038403466,0.4117647058823529,0.29411764705882354,0.274078,74.0,2.0825343132019043,2.0178334712982178,1.997900128364563,-0.06470084190368652,-0.08463418483734131,-0.019933342933654785,helped,False,False
30868,19,0.5789473684210527,0.42105263157894735,-0.005319881,0.009172703,0.014492583,0.3157894736842105,0.15789473684210525,0.36919162,88.0,0.9054393172264099,0.9186730980873108,0.9281349778175354,0.013233780860900879,0.02269566059112549,0.00946187973022461,harmed,False,False
30919,16,0.4375,0.5625,0.036868744,0.007810818,-0.029057926,0.1875,0.0,0.21049602,71.0,2.5291588306427,2.5760092735290527,2.5091283321380615,0.04685044288635254,-0.020030498504638672,-0.06688094139099121,harmed,True,True
30981,14,0.5714285714285714,0.42857142857142855,0.01816521,0.027649766,0.009484555,0.35714285714285715,0.07142857142857142,0.7754174,7.0,1.467956304550171,1.4462521076202393,1.4718732833862305,-0.02170419692993164,0.00391697883605957,0.02562117576599121,helped,False,False
31008,13,0.6923076923076923,0.3076923076923077,0.0064576697,-0.013811634,-0.020269303,0.07692307692307693,0.0,0.22366522,76.0,2.133572816848755,2.194549083709717,2.2122254371643066,0.060976266860961914,0.07865262031555176,0.017676353454589844,harmed,False,False
31022,15,0.3333333333333333,0.6666666666666666,0.049322788,-0.19097194,-0.24029472,0.6,0.6,0.3074694,73.0,1.0208690166473389,1.0675814151763916,0.8094070553779602,0.046712398529052734,-0.21146196126937866,-0.2581743597984314,harmed,True,True
31032,17,0.5882352941176471,0.4117647058823529,-0.022678025,-0.10294596,-0.080267936,0.35294117647058826,0.058823529411764705,0.2321098,93.0,1.63127601146698,1.5469584465026855,1.5069868564605713,-0.08431756496429443,-0.12428915500640869,-0.03997159004211426,helped,False,False
31064,22,0.5,0.5,0.002977752,-0.0109309545,-0.013908708,0.45454545454545453,0.13636363636363635,0.22798221,80.0,0.655899703502655,0.6213493943214417,0.6304189562797546,-0.03455030918121338,-0.02548074722290039,0.009069561958312988,helped,False,False
31247,13,0.3076923076923077,0.6923076923076923,0.19341749,0.04051155,-0.15290596,0.6923076923076923,0.15384615384615385,0.6432886,26.0,0.9446739554405212,1.1524806022644043,0.9717117547988892,0.20780664682388306,0.02703779935836792,-0.18076884746551514,harmed,True,False
31257,39,0.6923076923076923,0.3076923076923077,-0.09401292,-0.06590757,0.028105348,0.28205128205128205,0.07692307692307693,0.2953672,73.0,0.9498841166496277,0.839749276638031,0.8577419519424438,-0.11013484001159668,-0.09214216470718384,0.017992675304412842,helped,False,False
31324,26,0.6153846153846154,0.38461538461538464,-0.045169596,-0.065375395,-0.020205796,0.23076923076923078,0.19230769230769232,0.22564562,88.0,2.014359712600708,1.9513598680496216,1.8887653350830078,-0.06299984455108643,-0.1255943775177002,-0.06259453296661377,helped,False,False
31343,13,0.38461538461538464,0.6153846153846154,0.022266077,-0.06603238,-0.08829845,0.5384615384615384,0.5384615384615384,0.23565331,73.0,1.264527678489685,1.2958894968032837,1.2154998779296875,0.03136181831359863,-0.04902780055999756,-0.08038961887359619,harmed,True,True
31403,16,0.3125,0.6875,0.016225241,-0.00034750812,-0.016572747,0.625,0.1875,0.28540343,77.0,1.5050806999206543,1.554274320602417,1.5172288417816162,0.049193620681762695,0.012148141860961914,-0.03704547882080078,harmed,True,False
31425,16,0.625,0.375,-0.06604144,-0.046415024,0.019626416,0.25,0.0,0.2813055,97.0,0.9926977753639221,0.9062421917915344,0.926561176776886,-0.0864555835723877,-0.06613659858703613,0.020318984985351562,helped,False,False
31482,18,0.5555555555555556,0.4444444444444444,0.062477853,-0.0705844,-0.13306226,0.4444444444444444,0.1111111111111111,0.28520164,107.0,0.6869947910308838,0.7321685552597046,0.6141790151596069,0.0451737642288208,-0.07281577587127686,-0.11798954010009766,harmed,True,True
31515,19,0.42105263157894735,0.5789473684210527,0.013829231,0.009279405,-0.0045498265,0.42105263157894735,0.10526315789473684,0.33165225,75.0,1.5155894756317139,1.5143941640853882,1.5457087755203247,-0.0011953115463256836,0.03011929988861084,0.03131461143493652,helped,False,False
31528,18,0.5555555555555556,0.4444444444444444,-0.00473742,0.03143519,0.036172614,0.3888888888888889,0.1111111111111111,0.2993906,38.0,1.1220735311508179,1.1049083471298218,1.144301414489746,-0.017165184020996094,0.022227883338928223,0.039393067359924316,helped,False,False
31541,19,0.6842105263157895,0.3157894736842105,-0.067721464,-0.03977393,0.027947532,0.15789473684210525,0.0,0.2576436,84.0,0.8219066858291626,0.7416244149208069,0.7737412452697754,-0.08028227090835571,-0.04816544055938721,0.032116830348968506,helped,False,False
31543,17,0.29411764705882354,0.7058823529411765,0.1156461,-0.1311568,-0.2468029,0.7058823529411765,0.47058823529411764,0.23873766,75.0,0.9416866898536682,1.0329034328460693,0.7568318247795105,0.09121674299240112,-0.18485486507415771,-0.27607160806655884,harmed,True,True
31567,19,0.5789473684210527,0.42105263157894735,-0.04100318,-0.03363765,0.007365528,0.3684210526315789,0.21052631578947367,0.20472473,74.0,0.7200279235839844,0.6568571329116821,0.679307222366333,-0.06317079067230225,-0.04072070121765137,0.02245008945465088,helped,False,False
31593,14,0.5,0.5,0.0058478224,0.014614282,0.008766459,0.35714285714285715,0.14285714285714285,0.45063224,26.0,0.976800799369812,0.9675208926200867,0.9898639917373657,-0.009279906749725342,0.013063192367553711,0.022343099117279053,helped,False,False
31631,19,0.47368421052631576,0.5263157894736842,0.06007585,0.047553226,-0.012522626,0.47368421052631576,0.05263157894736842,0.30669937,73.0,0.6545335650444031,0.7835344672203064,0.7332957983016968,0.12900090217590332,0.0787622332572937,-0.05023866891860962,harmed,True,False
31642,26,0.5384615384615384,0.46153846153846156,0.0054434305,-0.02070633,-0.02614976,0.34615384615384615,0.07692307692307693,0.517167,20.0,0.8962838053703308,0.9359259009361267,0.8967946171760559,0.0396420955657959,0.0005108118057250977,-0.0391312837600708,harmed,True,False
31683,17,0.29411764705882354,0.7058823529411765,0.03016628,0.018995302,-0.011170976,0.5882352941176471,0.17647058823529413,0.271518,66.0,2.0513241291046143,2.09393310546875,2.0167863368988037,0.04260897636413574,-0.03453779220581055,-0.07714676856994629,harmed,True,True
31688,19,0.6842105263157895,0.3157894736842105,-0.05642747,-0.049016308,0.007411166,0.2631578947368421,0.05263157894736842,0.27386406,74.0,0.49622154235839844,0.427052766084671,0.43107956647872925,-0.06916877627372742,-0.06514197587966919,0.0040268003940582275,helped,False,False
31696,19,0.47368421052631576,0.5263157894736842,0.016647667,-0.0007989736,-0.017446637,0.47368421052631576,0.3684210526315789,0.21407597,89.0,2.157193899154663,2.2140395641326904,2.176950216293335,0.056845664978027344,0.019756317138671875,-0.03708934783935547,harmed,True,False
31792,15,0.06666666666666667,0.9333333333333333,0.1945854,-0.04312097,-0.23770638,0.9333333333333333,0.5333333333333333,0.7480108,18.0,0.5464343428611755,0.7160152792930603,0.4834243059158325,0.16958093643188477,-0.06301003694534302,-0.23259097337722778,harmed,True,True
31854,19,0.5263157894736842,0.47368421052631576,-0.011141156,-0.0077639357,0.0033772204,0.47368421052631576,0.10526315789473684,0.21095157,77.0,0.8763464689254761,0.8841176629066467,0.8802658915519714,0.007771193981170654,0.003919422626495361,-0.003851771354675293,harmed,True,False
31920,19,0.631578947368421,0.3684210526315789,-0.013735269,-0.018022288,-0.004287018,0.3157894736842105,0.10526315789473684,0.42720702,77.0,0.9086771011352539,0.9351226091384888,0.913921594619751,0.026445508003234863,0.00524449348449707,-0.021201014518737793,harmed,True,False
31933,34,0.6764705882352942,0.3235294117647059,-0.035651322,-0.122727364,-0.08707605,0.29411764705882354,0.23529411764705882,0.30310565,83.0,1.0644795894622803,1.0068929195404053,0.9922372102737427,-0.057586669921875,-0.0722423791885376,-0.014655709266662598,helped,False,False
31939,31,0.6774193548387096,0.3225806451612903,-0.112930715,-0.101862684,0.011068025,0.1935483870967742,0.0,0.31024912,76.0,1.382505178451538,1.302181601524353,1.3087804317474365,-0.08032357692718506,-0.07372474670410156,0.006598830223083496,helped,False,False
31951,5,0.4,0.6,0.094331525,0.32607955,0.23174801,0.2,0.0,,,6.561751365661621,6.651590347290039,6.909875392913818,0.08983898162841797,0.34812402725219727,0.2582850456237793,harmed,False,False
31988,17,0.7058823529411765,0.29411764705882354,-0.04055124,-0.046034146,-0.005482905,0.23529411764705882,0.058823529411764705,0.31546697,74.0,0.8564578294754028,0.7941778302192688,0.8140354752540588,-0.06227999925613403,-0.042422354221343994,0.01985764503479004,helped,False,False
31997,16,0.4375,0.5625,0.031167097,-0.022581024,-0.053748123,0.5,0.3125,0.2615692,72.0,1.161697268486023,1.199822187423706,1.1719214916229248,0.038124918937683105,0.010224223136901855,-0.02790069580078125,harmed,True,False
32135,17,0.5882352941176471,0.4117647058823529,-0.083941005,-0.042897154,0.04104385,0.35294117647058826,0.11764705882352941,0.4035433,19.0,0.7339783310890198,0.6189238429069519,0.6722803711891174,-0.11505448818206787,-0.061697959899902344,0.05335652828216553,helped,False,False
32138,17,0.47058823529411764,0.5294117647058824,-0.020734886,-0.08043855,-0.05970366,0.47058823529411764,0.29411764705882354,0.379801,73.0,0.9067729115486145,0.9476067423820496,0.7894201874732971,0.04083383083343506,-0.11735272407531738,-0.15818655490875244,harmed,True,True
32189,16,0.375,0.625,0.010031853,0.0009214338,-0.009110418,0.375,0.0625,0.2499047,76.0,1.2929420471191406,1.3098722696304321,1.293595314025879,0.016930222511291504,0.0006532669067382812,-0.016276955604553223,harmed,True,False
32219,16,0.5,0.5,-0.05450385,-0.17581657,-0.121312715,0.375,0.1875,0.2491555,62.0,2.0769102573394775,2.014841079711914,1.8966721296310425,-0.06206917762756348,-0.18023812770843506,-0.11816895008087158,helped,False,False
32332,31,0.7096774193548387,0.2903225806451613,-0.12715533,-0.3736406,-0.24648525,0.1935483870967742,0.1935483870967742,0.20296766,73.0,1.0031330585479736,0.8417078852653503,0.6093913912773132,-0.1614251732826233,-0.3937416672706604,-0.2323164939880371,helped,False,False
32804,12,0.0,1.0,0.21474986,-0.13733368,-0.35208353,0.9166666666666666,0.8333333333333334,0.42208657,47.0,0.9475951790809631,1.1459687948226929,0.8113881945610046,0.19837361574172974,-0.1362069845199585,-0.33458060026168823,harmed,True,True
33050,12,0.16666666666666666,0.8333333333333334,0.4918387,0.291703,-0.20013571,0.8333333333333334,0.0,0.3570728,109.0,0.3932639956474304,0.9482353925704956,0.717684268951416,0.5549713969230652,0.3244202733039856,-0.2305511236190796,harmed,True,False
104122,39,0.41025641025641024,0.5897435897435898,0.004541547,0.061249588,0.05670804,0.358974358974359,0.07692307692307693,0.33416167,54.0,2.532762050628662,2.5245471000671387,2.5935161113739014,-0.008214950561523438,0.06075406074523926,0.0689690113067627,helped,False,False
104211,39,0.2564102564102564,0.7435897435897436,0.30873713,-0.0018610435,-0.3105982,0.6410256410256411,0.358974358974359,0.47282803,50.0,2.5137453079223633,2.8259897232055664,2.4746434688568115,0.3122444152832031,-0.03910183906555176,-0.3513462543487549,harmed,True,True
