model_family,split,rmse,mae,r2,n,fold_id,train_start,train_end,test_start,test_end
Context-Aware Selective Learning,cal,1.14919458463716,0.7606321573257446,0.31276965141296387,813,1,1996-07-01,2006-06-01,2010-07-01,2012-12-01
Site-Hard Expert Selector,cal,1.1971684942923515,0.8266333778593515,0.25419426900541087,813,1,1996-07-01,2006-06-01,2010-07-01,2012-12-01
Deep Context LSTM (Always TL),cal,1.2380098352303488,0.8662944436073303,0.2024400234222412,813,1,1996-07-01,2006-06-01,2010-07-01,2012-12-01
Deep Context LSTM (No TL),cal,1.2387273327921722,0.8598105907440186,0.20151525735855103,813,1,1996-07-01,2006-06-01,2010-07-01,2012-12-01
Random Forest,cal,1.2631647357382618,0.8765707768696792,0.16969979761747667,813,1,1996-07-01,2006-06-01,2010-07-01,2012-12-01
Baseline LSTM (TL),cal,1.4171637149316318,0.9852806925773621,-0.045093655586242676,813,1,1996-07-01,2006-06-01,2010-07-01,2012-12-01
Baseline LSTM (No TL),cal,1.419818858695347,0.9875646829605103,-0.049013376235961914,813,1,1996-07-01,2006-06-01,2010-07-01,2012-12-01
Deep Context LSTM (Always TL),test,1.2367335614433803,0.9195828437805176,0.07636404037475586,1572,1,1996-07-01,2006-06-01,2010-07-01,2012-12-01
Context-Aware Selective Learning,test,1.2437037205352675,0.9204143285751343,0.06592363119125366,1572,1,1996-07-01,2006-06-01,2010-07-01,2012-12-01
Site-Hard Expert Selector,test,1.2469252216232327,0.9170056082869048,0.06107839861168973,1572,1,1996-07-01,2006-06-01,2010-07-01,2012-12-01
Deep Context LSTM (No TL),test,1.2553306403925517,0.93310546875,0.04837733507156372,1572,1,1996-07-01,2006-06-01,2010-07-01,2012-12-01
Random Forest,test,1.2824381463419423,0.9521855665501712,0.0068350893491622156,1572,1,1996-07-01,2006-06-01,2010-07-01,2012-12-01
Baseline LSTM (TL),test,1.2872455160241072,0.968515932559967,-0.0006248950958251953,1572,1,1996-07-01,2006-06-01,2010-07-01,2012-12-01
Baseline LSTM (No TL),test,1.2876620459197585,0.9698966145515442,-0.0012725591659545898,1572,1,1996-07-01,2006-06-01,2010-07-01,2012-12-01
Deep Context LSTM (Always TL),val,1.2336731376010979,0.8327443599700928,0.14289188385009766,1512,1,1996-07-01,2006-06-01,2010-07-01,2012-12-01
Context-Aware Selective Learning,val,1.235061454633903,0.8272634744644165,0.14096176624298096,1512,1,1996-07-01,2006-06-01,2010-07-01,2012-12-01
Deep Context LSTM (No TL),val,1.2376340022890981,0.8416441082954407,0.13737934827804565,1512,1,1996-07-01,2006-06-01,2010-07-01,2012-12-01
Site-Hard Expert Selector,val,1.254086588539855,0.8450490864788948,0.1142923005092128,1512,1,1996-07-01,2006-06-01,2010-07-01,2012-12-01
Random Forest,val,1.28309342852345,0.8534163152466621,0.07284587565068268,1512,1,1996-07-01,2006-06-01,2010-07-01,2012-12-01
Baseline LSTM (No TL),val,1.333263599042423,0.916753351688385,-0.001076817512512207,1512,1,1996-07-01,2006-06-01,2010-07-01,2012-12-01
Baseline LSTM (TL),val,1.33483283342865,0.9172718524932861,-0.00343477725982666,1512,1,1996-07-01,2006-06-01,2010-07-01,2012-12-01
Context-Aware Selective Learning,cal,1.1896471889390972,0.8540688753128052,0.18923765420913696,962,2,1998-07-01,2008-06-01,2012-07-01,2014-12-01
Site-Hard Expert Selector,cal,1.2024687791955453,0.8750645442651294,0.1716672603757723,962,2,1998-07-01,2008-06-01,2012-07-01,2014-12-01
Deep Context LSTM (No TL),cal,1.2659347531889884,0.9384340643882751,0.08192145824432373,962,2,1998-07-01,2008-06-01,2012-07-01,2014-12-01
Deep Context LSTM (Always TL),cal,1.266283311471607,0.9459466934204102,0.08141589164733887,962,2,1998-07-01,2008-06-01,2012-07-01,2014-12-01
Random Forest,cal,1.2698319118121493,0.9241241789430745,0.07626014305603923,962,2,1998-07-01,2008-06-01,2012-07-01,2014-12-01
Baseline LSTM (No TL),cal,1.3277957283697126,0.9951640963554382,-0.009996175765991211,962,2,1998-07-01,2008-06-01,2012-07-01,2014-12-01
Baseline LSTM (TL),cal,1.3520861807363629,1.0133193731307983,-0.047287583351135254,962,2,1998-07-01,2008-06-01,2012-07-01,2014-12-01
Context-Aware Selective Learning,test,1.1516428739534699,0.8020918369293213,0.1363261342048645,1733,2,1998-07-01,2008-06-01,2012-07-01,2014-12-01
Deep Context LSTM (No TL),test,1.158522512003978,0.8101493120193481,0.1259765625,1733,2,1998-07-01,2008-06-01,2012-07-01,2014-12-01
Site-Hard Expert Selector,test,1.165707034499346,0.8167687163681941,0.11510251704999819,1733,2,1998-07-01,2008-06-01,2012-07-01,2014-12-01
Deep Context LSTM (Always TL),test,1.171730083406187,0.8310102820396423,0.10593461990356445,1733,2,1998-07-01,2008-06-01,2012-07-01,2014-12-01
Random Forest,test,1.1909851192664127,0.8284735678794667,0.07630882204566636,1733,2,1998-07-01,2008-06-01,2012-07-01,2014-12-01
Baseline LSTM (TL),test,1.233792517643472,0.8663806915283203,0.008715331554412842,1733,2,1998-07-01,2008-06-01,2012-07-01,2014-12-01
Baseline LSTM (No TL),test,1.2432503142181006,0.8772611618041992,-0.006540536880493164,1733,2,1998-07-01,2008-06-01,2012-07-01,2014-12-01
Deep Context LSTM (Always TL),val,1.14975398376133,0.8011425733566284,0.23648345470428467,1391,2,1998-07-01,2008-06-01,2012-07-01,2014-12-01
Context-Aware Selective Learning,val,1.1547318363582217,0.7979854941368103,0.22985786199569702,1391,2,1998-07-01,2008-06-01,2012-07-01,2014-12-01
Site-Hard Expert Selector,val,1.1610234017726597,0.8041602791528835,0.22144278023723152,1391,2,1998-07-01,2008-06-01,2012-07-01,2014-12-01
Deep Context LSTM (No TL),val,1.1658539268541714,0.8090130686759949,0.2149507999420166,1391,2,1998-07-01,2008-06-01,2012-07-01,2014-12-01
Random Forest,val,1.1927224572936959,0.8237561043193184,0.1783490110905338,1391,2,1998-07-01,2008-06-01,2012-07-01,2014-12-01
Baseline LSTM (TL),val,1.3280654445085778,0.9224736094474792,-0.018702983856201172,1391,2,1998-07-01,2008-06-01,2012-07-01,2014-12-01
Baseline LSTM (No TL),val,1.333604794921905,0.925839364528656,-0.02721869945526123,1391,2,1998-07-01,2008-06-01,2012-07-01,2014-12-01
Context-Aware Selective Learning,cal,1.0975172287407668,0.711201548576355,0.21782821416854858,1023,3,2000-07-01,2010-06-01,2014-07-01,2016-12-01
Site-Hard Expert Selector,cal,1.108296328799452,0.7252734252556021,0.20238882958380955,1023,3,2000-07-01,2010-06-01,2014-07-01,2016-12-01
Random Forest,cal,1.1598504813269612,0.7828630780712081,0.12645868059441034,1023,3,2000-07-01,2010-06-01,2014-07-01,2016-12-01
Deep Context LSTM (Always TL),cal,1.164196697922719,0.7720380425453186,0.11989963054656982,1023,3,2000-07-01,2010-06-01,2014-07-01,2016-12-01
Deep Context LSTM (No TL),cal,1.1644875691210232,0.7732915878295898,0.11945986747741699,1023,3,2000-07-01,2010-06-01,2014-07-01,2016-12-01
Baseline LSTM (TL),cal,1.247426817740783,0.8452447652816772,-0.010437965393066406,1023,3,2000-07-01,2010-06-01,2014-07-01,2016-12-01
Baseline LSTM (No TL),cal,1.2668396101808936,0.8703116774559021,-0.042132019996643066,1023,3,2000-07-01,2010-06-01,2014-07-01,2016-12-01
Random Forest,test,1.34420127624685,0.9096186350940897,0.225816639199236,1537,3,2000-07-01,2010-06-01,2014-07-01,2016-12-01
Site-Hard Expert Selector,test,1.3483547934013782,0.8997013963151579,0.2210248689095763,1537,3,2000-07-01,2010-06-01,2014-07-01,2016-12-01
Context-Aware Selective Learning,test,1.357721265530581,0.9073097109794617,0.2101649045944214,1537,3,2000-07-01,2010-06-01,2014-07-01,2016-12-01
Deep Context LSTM (Always TL),test,1.4267809563756437,0.9471445679664612,0.1277725100517273,1537,3,2000-07-01,2010-06-01,2014-07-01,2016-12-01
Deep Context LSTM (No TL),test,1.4307662979416176,0.9497084617614746,0.12289297580718994,1537,3,2000-07-01,2010-06-01,2014-07-01,2016-12-01
Baseline LSTM (TL),test,1.5279989178838442,1.0207363367080688,-0.0003714561462402344,1537,3,2000-07-01,2010-06-01,2014-07-01,2016-12-01
Baseline LSTM (No TL),test,1.5491393499375394,1.0576809644699097,-0.02824389934539795,1537,3,2000-07-01,2010-06-01,2014-07-01,2016-12-01
Context-Aware Selective Learning,val,1.2144506867323848,0.9032342433929443,0.10934752225875854,1572,3,2000-07-01,2010-06-01,2014-07-01,2016-12-01
Deep Context LSTM (Always TL),val,1.2344296600214901,0.9212431907653809,0.07980215549468994,1572,3,2000-07-01,2010-06-01,2014-07-01,2016-12-01
Site-Hard Expert Selector,val,1.2345344706310373,0.9104222813986136,0.07964589577475778,1572,3,2000-07-01,2010-06-01,2014-07-01,2016-12-01
Deep Context LSTM (No TL),val,1.2349198985667693,0.9218562245368958,0.07907110452651978,1572,3,2000-07-01,2010-06-01,2014-07-01,2016-12-01
Random Forest,val,1.2353739603208709,0.9190414681453489,0.07839377929639091,1572,3,2000-07-01,2010-06-01,2014-07-01,2016-12-01
Baseline LSTM (TL),val,1.2843432884292518,0.9662157297134399,0.0038820505142211914,1572,3,2000-07-01,2010-06-01,2014-07-01,2016-12-01
Baseline LSTM (No TL),val,1.2956826117257148,0.9834060668945312,-0.01378476619720459,1572,3,2000-07-01,2010-06-01,2014-07-01,2016-12-01
