site_id,Baseline LSTM (No TL),Baseline LSTM (TL),Context-Aware Selective Learning,Deep Context LSTM (Always TL),Deep Context LSTM (No TL),Random Forest,Site-Hard Expert Selector,cell_id,cosine_similarity,months_used,delta_rmse_always_tl_vs_no_tl,delta_rmse_selective_tl_vs_no_tl,delta_rmse_oracle_tl_vs_no_tl,helped_by_always_tl,helped_by_selective_tl
9689,0.7500693798065186,0.7395404577255249,0.8885565996170044,0.7869324684143066,1.0060756206512451,0.9106958462958172,0.7869324233108622,124887.0,0.5659646,17.0,-0.21914315223693848,-0.11751902103424072,-0.2191431973403829,True,True
9943,0.6773440837860107,0.6214910745620728,0.8868070840835571,0.8788652420043945,1.282210350036621,0.8301011354810323,0.8301011354810323,75352.0,0.5293636,82.0,-0.40334510803222656,-0.39540326595306396,-0.45210921455558883,True,True
10385,0.4306495189666748,0.4077221155166626,0.32980936765670776,0.3183308243751526,0.48097988963127136,0.3410352231028227,0.3410352231028227,22059.0,0.6220231,102.0,-0.16264906525611877,-0.1511705219745636,-0.13994466652844867,True,True
18022,0.6597661375999451,0.6555538177490234,0.6468026041984558,0.5827620029449463,0.7211154699325562,0.8191366458047883,0.5827620025363408,7271.0,0.6054965,7.0,-0.13835346698760986,-0.07431286573410034,-0.13835346739621535,True,True
18027,0.6942439079284668,0.6556909680366516,0.6879873871803284,0.597251832485199,0.7254176139831543,0.8696362051973011,0.5972518331699873,28977.0,0.5650503,7.0,-0.12816578149795532,-0.03743022680282593,-0.12816578081316699,True,True
18055,0.6076835989952087,0.6348416209220886,0.6109442114830017,0.5389114022254944,0.6845604777336121,0.9312296375635969,0.6845604807411012,54652.0,0.6885283,7.0,-0.14564907550811768,-0.07361626625061035,3.0074891466114195e-09,True,True
18086,0.9085995554924011,0.9283598065376282,0.912316620349884,0.8369913697242737,1.0578267574310303,1.0508180570175598,1.0578267906011602,7271.0,0.62208045,7.0,-0.2208353877067566,-0.14551013708114624,3.317012997605673e-08,True,True
29249,0.8295839428901672,0.8087753057479858,0.835762083530426,0.8400653004646301,0.7674756050109863,0.9068907408929361,0.7674756003940366,28544.0,0.21736836,75.0,0.0725896954536438,0.0682864785194397,-4.616949711433449e-09,False,False
29263,1.9130455255508423,1.9843037128448486,2.0016629695892334,2.0647125244140625,2.0359930992126465,1.6898999888823483,1.6898999888823483,67575.0,0.23373753,70.0,0.028719425201416016,-0.034330129623413086,-0.3460931103302982,False,True
29357,0.9364612698554993,0.9838796854019165,0.8570472002029419,0.9669036865234375,0.8923904299736023,0.8308048610249253,0.8308048610249253,69646.0,0.29305062,76.0,0.0745132565498352,-0.0353432297706604,-0.06158556894867695,False,True
29366,0.7355479001998901,0.7621118426322937,0.8529567718505859,0.8434587121009827,0.8639339804649353,0.9322341561463866,0.8434587008796762,22059.0,0.33681178,73.0,-0.020475268363952637,-0.010977208614349365,-0.020475279585259076,True,True
29373,0.9983268976211548,0.9751557111740112,0.890191376209259,0.9370984435081482,0.8646940588951111,0.9722091993319699,0.9370984543267005,36514.0,0.29503244,72.0,0.07240438461303711,0.02549731731414795,0.07240439543158939,False,False
29419,1.4819111824035645,1.4497030973434448,1.4761955738067627,1.4270457029342651,1.5452425479888916,1.5014529372323502,1.427045655826566,67575.0,0.2343009,75.0,-0.11819684505462646,-0.0690469741821289,-0.11819689216232554,True,True
29465,1.3328958749771118,1.290737509727478,1.1101131439208984,1.0887371301651,1.0117344856262207,1.215847947195913,1.215847947195913,36509.0,0.41363707,33.0,0.0770026445388794,0.09837865829467773,0.20411346156969223,False,False
29476,0.8397266268730164,0.8625692129135132,1.0282810926437378,0.9619746804237366,1.0884954929351807,1.066393584150345,0.9619746270464797,7658.0,0.28703186,71.0,-0.1265208125114441,-0.06021440029144287,-0.12652086588870093,True,True
29532,0.7172704935073853,0.7710319757461548,0.6094258427619934,0.8114591240882874,0.8303367495536804,0.5452026332455155,0.8303367605419745,62400.0,0.38090703,68.0,-0.018877625465393066,-0.220910906791687,1.0988294052438619e-08,True,True
29570,1.103714108467102,1.0987639427185059,1.0783835649490356,1.1570217609405518,1.1775434017181396,1.1169813966623054,1.1169813966623054,154276.0,0.27907047,74.0,-0.02052164077758789,-0.099159836769104,-0.0605620050558342,True,True
29581,1.5479626655578613,1.5548137426376343,1.2644399404525757,1.289345145225525,1.3581821918487549,1.2617021190324822,1.3581821313545015,,,,-0.06883704662322998,-0.0937422513961792,-6.049425338439107e-08,True,True
29599,1.4314427375793457,1.4857038259506226,1.4597257375717163,1.4765454530715942,1.4871467351913452,1.3284126989205356,1.4871468572402038,82879.0,0.22535819,75.0,-0.010601282119750977,-0.027420997619628906,1.2204885857514114e-07,True,True
29680,1.2043131589889526,1.2539433240890503,1.4014897346496582,1.4404761791229248,1.3775829076766968,1.2911346444308984,1.4404762305011516,28977.0,0.39026245,75.0,0.06289327144622803,0.023906826972961426,0.06289332282445481,False,False
29708,0.9115194082260132,0.8883376121520996,0.8540502190589905,0.8412266373634338,0.9187513589859009,0.866206491213363,0.841226640849949,60735.0,0.1594778,71.0,-0.07752472162246704,-0.0647011399269104,-0.07752471813595185,True,True
29740,1.2268668413162231,1.2341876029968262,1.2723451852798462,1.2703620195388794,1.3285146951675415,1.2945748086331614,1.2703620005582734,69646.0,0.320812,42.0,-0.05815267562866211,-0.05616950988769531,-0.058152694609268085,True,True
29756,0.9797584414482117,0.9485698342323303,0.9236420392990112,1.0037684440612793,0.9484882354736328,0.9806397229390871,0.9484882212147262,81796.0,0.2620216,76.0,0.055280208587646484,-0.024846196174621582,-1.4258906610997713e-08,False,True
29794,4.153933048248291,4.118252277374268,4.1873884201049805,4.189244270324707,4.218478679656982,4.2510395921214785,4.218478789123876,36514.0,0.26495233,69.0,-0.02923440933227539,-0.031090259552001953,1.094668933276921e-07,True,True
29812,1.188856840133667,1.2500526905059814,0.5885919332504272,1.0036547183990479,0.9772154092788696,0.5459894767560005,0.5459894767560005,67575.0,0.19760868,88.0,0.026439309120178223,-0.3886234760284424,-0.4312259325228691,False,True
29828,0.7865279912948608,0.8093159198760986,0.7901151776313782,0.8651999831199646,0.8313894271850586,0.7549982047102591,0.8313894207771718,125300.0,0.6414941,18.0,0.033810555934906006,-0.04127424955368042,-6.407886776749194e-09,False,True
29829,1.1914148330688477,1.2646294832229614,1.0941005945205688,1.1746057271957397,1.0549449920654297,0.9700889016058925,1.1746057015829068,78792.0,0.23433611,72.0,0.11966073513031006,0.03915560245513916,0.11966070951747709,False,False
29848,0.6491485238075256,0.6426041722297668,0.6923326849937439,0.7028337121009827,0.6506743431091309,0.7594437713824005,0.6506743221203325,36514.0,0.25596964,83.0,0.05215936899185181,0.04165834188461304,-2.0988798365983996e-08,False,False
29861,0.8092407584190369,0.8169257640838623,0.8135950565338135,0.7821162343025208,0.8279494047164917,0.8820808579287658,0.7821162684003491,32377.0,0.33707836,42.0,-0.04583317041397095,-0.014354348182678223,-0.04583313631614261,True,True
29908,0.7638322114944458,0.7754725217819214,0.858594536781311,0.8344168663024902,0.9153224229812622,0.8578852765014352,0.8578852765014352,28544.0,0.2268546,72.0,-0.08090555667877197,-0.05672788619995117,-0.057437146479827006,True,True
29909,1.8794630765914917,1.8164089918136597,1.5639410018920898,1.675710678100586,1.5582823753356934,1.7367798953302667,1.558282458947842,,,,0.11742830276489258,0.005658626556396484,8.361214853813692e-08,False,False
29931,1.3773399591445923,1.3360356092453003,1.174409031867981,1.1657098531723022,1.220929503440857,1.2113393382449664,1.2209294988249013,67575.0,0.20087205,87.0,-0.05521965026855469,-0.04652047157287598,-4.6159556177372e-09,True,True
29961,1.3287523984909058,1.2754981517791748,1.250008225440979,1.2595587968826294,1.3164969682693481,1.2796920457609018,1.2796920457609018,34400.0,0.25220582,72.0,-0.05693817138671875,-0.06648874282836914,-0.03680492250844636,True,True
29971,0.9526627659797668,0.9671897292137146,0.9789084792137146,1.05727219581604,0.9824439883232117,0.9429123506207633,0.9824439897315059,95673.0,0.8236875,5.0,0.07482820749282837,-0.0035355091094970703,1.4082942589865866e-09,False,True
29982,0.9870376586914062,0.9159836173057556,0.7248760461807251,0.7267659902572632,0.7543991804122925,0.7851976676315753,0.7267659632902813,47390.0,0.38828057,78.0,-0.027633190155029297,-0.029523134231567383,-0.027633217122011167,True,True
29997,0.8970999121665955,0.9554281234741211,0.9494767785072327,1.0427521467208862,0.9302309155464172,0.9637806015245513,1.042752183874624,121675.0,0.8803168,2.0,0.112521231174469,0.01924586296081543,0.11252126832820686,False,False
30035,0.9241766929626465,0.9302589893341064,0.9344824552536011,0.9555148482322693,0.9794365763664246,0.9030907577129396,0.9794365844623265,48853.0,0.26242867,76.0,-0.023921728134155273,-0.044954121112823486,8.095901948834694e-09,True,True
30066,0.5932763814926147,0.6372246146202087,0.5858155488967896,0.5983961224555969,0.5608081221580505,0.6026216095314272,0.5608081629907334,55441.0,0.24604635,131.0,0.03758800029754639,0.025007426738739014,4.083268290155928e-08,False,False
30104,3.6490495204925537,3.718745470046997,2.776385545730591,2.904953718185425,2.5969903469085693,2.812153179623714,2.9049536312291204,64997.0,0.23884137,78.0,0.30796337127685547,0.17939519882202148,0.3079632843205511,False,False
30225,0.5272694230079651,0.542598307132721,0.49450990557670593,0.5187084674835205,0.5492720603942871,0.5718999436041361,0.5492720756102734,96894.0,0.24400294,73.0,-0.0305635929107666,-0.05476215481758118,1.5215986248762192e-08,True,True
30247,0.8234014511108398,0.868389368057251,0.6104821562767029,0.8590002655982971,0.9200341105461121,0.6238715994509346,0.6238715994509346,25597.0,0.5671431,14.0,-0.06103384494781494,-0.3095519542694092,-0.29616251109517744,True,True
30249,0.8779910802841187,0.9332248568534851,0.9869042038917542,0.9747456908226013,1.1932603120803833,0.9783928729774216,0.9747456703770974,61334.0,0.34519556,61.0,-0.21851462125778198,-0.20635610818862915,-0.21851464170328594,True,True
30265,0.6846988797187805,0.6604616045951843,0.5592918992042542,0.5598906874656677,0.5861939191818237,0.5963399707345333,0.5861939367509179,89283.0,0.30436182,78.0,-0.026303231716156006,-0.02690201997756958,1.7569094179492595e-08,True,True
30341,0.9739030599594116,0.9755211472511292,0.9760714769363403,0.9088762998580933,1.0507032871246338,1.0063708832768608,1.0063708832768608,58826.0,0.26462767,73.0,-0.14182698726654053,-0.07463181018829346,-0.04433240384777304,True,True
30380,0.6965931057929993,0.7193016409873962,0.7677469849586487,0.8783954977989197,0.8513104915618896,0.724124626571742,0.8513105282190666,124887.0,0.5314365,16.0,0.02708500623703003,-0.08356350660324097,3.665717696055282e-08,False,True
30385,0.4710649251937866,0.5028091669082642,0.4689503014087677,0.7123204469680786,0.7503370046615601,0.46160413445275017,0.46160413445275017,75352.0,0.4331036,74.0,-0.038016557693481445,-0.28138670325279236,-0.2887328702088099,True,True
30425,1.2723392248153687,1.2326452732086182,1.374922752380371,1.345491886138916,1.4369882345199585,1.4318097331265498,1.34549190326437,68092.0,0.19308144,91.0,-0.09149634838104248,-0.0620654821395874,-0.09149633125558854,True,True
30427,0.8143221735954285,0.807218611240387,0.7583662271499634,0.7540389895439148,0.8014463186264038,0.7656029288716624,0.8014463239218369,89709.0,0.34020707,77.0,-0.047407329082489014,-0.04308009147644043,5.295433092022961e-09,True,True
30474,0.6484019160270691,0.6152333617210388,0.7292411923408508,0.7565778493881226,0.7196804285049438,0.7388040637553199,0.7196804253483514,68092.0,0.23902103,74.0,0.03689742088317871,0.009560763835906982,-3.1565924318854854e-09,False,False
30578,1.2567583322525024,1.2464654445648193,1.291890263557434,1.2427197694778442,1.3811440467834473,1.34775698995557,1.34775698995557,67575.0,0.28054836,87.0,-0.13842427730560303,-0.08925378322601318,-0.03338705682787735,True,True
30586,0.8391842246055603,0.8262981176376343,0.8192147016525269,0.7675891518592834,0.7894852757453918,0.9261353450753844,0.9261353450753844,37373.0,0.2854405,81.0,-0.0218961238861084,0.02972942590713501,0.13665006932999257,True,False
30638,1.6830413341522217,2.0396695137023926,1.7467155456542969,1.6945518255233765,1.896627426147461,1.9677566984405213,1.9677566984405213,125300.0,0.45019642,42.0,-0.20207560062408447,-0.14991188049316406,0.07112927229306032,True,True
30656,0.8071560263633728,0.8327778577804565,0.8306489586830139,0.8930375576019287,0.8278759717941284,0.8080071329849337,0.8080071329849337,136768.0,0.34704858,59.0,0.06516158580780029,0.002772986888885498,-0.019868838809194767,False,False
30760,0.6237419247627258,0.6830950379371643,0.5822588205337524,0.6584641933441162,0.6831976771354675,0.6224222745955611,0.6584641831841449,11741.0,0.49497777,81.0,-0.02473348379135132,-0.10093885660171509,-0.024733493951322627,True,True
30788,1.0971481800079346,1.0693961381912231,1.20902681350708,1.1570435762405396,1.2270559072494507,1.2393644897941294,1.2270559160166086,10818.0,0.33335906,30.0,-0.07001233100891113,-0.018029093742370605,8.767157888556198e-09,True,True
30795,1.4308379888534546,1.4664055109024048,1.3582578897476196,1.3992589712142944,1.373289942741394,1.4268378727951658,1.3992589800573714,101998.0,0.26132113,84.0,0.02596902847290039,-0.015032052993774414,0.025969037315977328,False,True
30808,0.6653105616569519,0.6232351064682007,0.637454092502594,0.6205139756202698,0.6402694582939148,0.6748114622685513,0.6205139920232755,125300.0,0.2584405,73.0,-0.01975548267364502,-0.0028153657913208008,-0.019755466270639288,True,True
30832,2.1272127628326416,2.1061384677886963,1.997900128364563,2.0178334712982178,2.0825343132019043,2.045319710302689,2.045319710302689,118020.0,0.274078,74.0,-0.06470084190368652,-0.08463418483734131,-0.03721460289921508,True,True
30868,0.8994424343109131,0.8859254121780396,0.9281349778175354,0.9186730980873108,0.9054393172264099,0.9404540494680499,0.9054393411162349,54218.0,0.36919162,88.0,0.013233780860900879,0.02269566059112549,2.3889825007117338e-08,False,False
30919,2.651048421859741,2.629348039627075,2.5091283321380615,2.5760092735290527,2.5291588306427,2.5878865997875047,2.5878865997875047,67575.0,0.21049602,71.0,0.04685044288635254,-0.020030498504638672,0.05872776914480449,False,True
30981,1.522505760192871,1.518133521080017,1.4718732833862305,1.4462521076202393,1.467956304550171,1.7157867301153782,1.7157867301153782,91961.0,0.7754174,7.0,-0.02170419692993164,0.00391697883605957,0.2478304255652073,True,False
31008,2.1419754028320312,2.1720361709594727,2.2122254371643066,2.194549083709717,2.133572816848755,2.2047922736540584,2.133572938178015,61882.0,0.22366522,76.0,0.060976266860961914,0.07865262031555176,1.2132925997221378e-07,False,False
31022,0.8193667531013489,0.8787312507629395,0.8094070553779602,1.0675814151763916,1.0208690166473389,0.7992507088865157,0.7992507088865157,73539.0,0.3074694,73.0,0.046712398529052734,-0.21146196126937866,-0.22161830776082314,False,True
31032,1.3157451152801514,1.3582699298858643,1.5069868564605713,1.5469584465026855,1.63127601146698,1.4118951316809607,1.6312759952696203,10671.0,0.2321098,93.0,-0.08431756496429443,-0.12428915500640869,-1.6197359675729217e-08,True,True
31064,1.0418838262557983,0.9906785488128662,0.6304189562797546,0.6213493943214417,0.655899703502655,0.7039618064320273,0.6558996906440552,38645.0,0.22798221,80.0,-0.03455030918121338,-0.02548074722290039,-1.2858599851561792e-08,True,True
31247,1.365119457244873,1.4173858165740967,0.9717117547988892,1.1524806022644043,0.9446739554405212,0.9030078683664378,1.152480735157936,7271.0,0.6432886,26.0,0.20780664682388306,0.02703779935836792,0.2078067797174148,False,False
31257,0.8175306916236877,0.7899582386016846,0.8577419519424438,0.839749276638031,0.9498841166496277,0.8890656969732046,0.8890656969732046,16034.0,0.2953672,73.0,-0.11013484001159668,-0.09214216470718384,-0.0608184196764231,True,True
31324,1.8765668869018555,1.8931022882461548,1.8887653350830078,1.9513598680496216,2.014359712600708,1.8564264874837573,1.8564264874837573,132086.0,0.22564562,88.0,-0.06299984455108643,-0.1255943775177002,-0.15793322511695074,True,True
31343,1.2257200479507446,1.2217971086502075,1.2154998779296875,1.2958894968032837,1.264527678489685,1.2601976976056577,1.2601976976056577,68092.0,0.23565331,73.0,0.03136181831359863,-0.04902780055999756,-0.004329980884027362,False,True
31403,1.4608198404312134,1.5102262496948242,1.5172288417816162,1.554274320602417,1.5050806999206543,1.4029153705328978,1.5050805652127712,67575.0,0.28540343,77.0,0.049193620681762695,0.012148141860961914,-1.3470788307046178e-07,False,False
31425,1.307533621788025,1.2635388374328613,0.926561176776886,0.9062421917915344,0.9926977753639221,1.0762167830564335,1.0762167830564335,47390.0,0.2813055,97.0,-0.0864555835723877,-0.06613659858703613,0.08351900769251142,True,True
31482,1.068759560585022,1.0110615491867065,0.6141790151596069,0.7321685552597046,0.6869947910308838,0.6724422495892736,0.6724422495892736,64997.0,0.28520164,107.0,0.0451737642288208,-0.07281577587127686,-0.014552541441610223,False,True
31515,1.5051556825637817,1.4984772205352783,1.5457087755203247,1.5143941640853882,1.5155894756317139,1.666483695681375,1.5155894426923004,69646.0,0.33165225,75.0,-0.0011953115463256836,0.03011929988861084,-3.293941341908635e-08,True,False
31528,1.066726565361023,1.043344259262085,1.144301414489746,1.1049083471298218,1.1220735311508179,1.2230678348427124,1.104908337738793,44913.0,0.2993906,38.0,-0.017165184020996094,0.022227883338928223,-0.017165193412024937,True,False
31541,0.780324399471283,0.7965050935745239,0.7737412452697754,0.7416244149208069,0.8219066858291626,0.7394464525521777,0.7394464525521777,12080.0,0.2576436,84.0,-0.08028227090835571,-0.04816544055938721,-0.08246023327698493,True,True
31543,1.1820740699768066,1.2337889671325684,0.7568318247795105,1.0329034328460693,0.9416866898536682,0.6263705755759853,1.0329033994648376,73539.0,0.23873766,75.0,0.09121674299240112,-0.18485486507415771,0.09121670961116934,False,True
31567,0.6949567794799805,0.6671126484870911,0.679307222366333,0.6568571329116821,0.7200279235839844,0.7587453699309075,0.7587453699309075,89023.0,0.20472473,74.0,-0.06317079067230225,-0.04072070121765137,0.03871744634692309,True,True
31593,0.9704833030700684,0.9722552299499512,0.9898639917373657,0.9675208926200867,0.976800799369812,0.984407968359968,0.9768007949113249,137186.0,0.45063224,26.0,-0.009279906749725342,0.013063192367553711,-4.4584871350394906e-09,True,False
31631,0.9971351623535156,0.9480800032615662,0.7332957983016968,0.7835344672203064,0.6545335650444031,0.7626067390134594,0.783534452829006,67575.0,0.30669937,73.0,0.12900090217590332,0.0787622332572937,0.12900088778460295,False,False
31642,0.9189754128456116,0.9074205160140991,0.8967946171760559,0.9359259009361267,0.8962838053703308,1.0195897333138202,0.8962837676893792,38507.0,0.517167,20.0,0.0396420955657959,0.0005108118057250977,-3.7680951581187117e-08,False,False
31683,1.9804288148880005,2.032045602798462,2.0167863368988037,2.09393310546875,2.0513241291046143,2.1237715247356213,2.051324156970446,85490.0,0.271518,66.0,0.04260897636413574,-0.03453779220581055,2.7865831864204438e-08,False,True
31688,0.4312146008014679,0.4091496169567108,0.43107956647872925,0.427052766084671,0.49622154235839844,0.4115449741675009,0.4270527834868207,73539.0,0.27386406,74.0,-0.06916877627372742,-0.06514197587966919,-0.06916875887157775,True,True
31696,2.240635871887207,2.2876548767089844,2.176950216293335,2.2140395641326904,2.157193899154663,2.142091566484531,2.142091566484531,68092.0,0.21407597,89.0,0.056845664978027344,0.019756317138671875,-0.015102332670132057,False,False
31792,0.7187000513076782,0.7853431701660156,0.4834243059158325,0.7160152792930603,0.5464343428611755,0.4131543665047371,0.5464342996009737,44913.0,0.7480108,18.0,0.16958093643188477,-0.06301003694534302,-4.326020186518065e-08,False,True
31854,0.8251295685768127,0.8369305729866028,0.8802658915519714,0.8841176629066467,0.8763464689254761,0.9010365372138968,0.8763465069045056,75352.0,0.21095157,77.0,0.007771193981170654,0.003919422626495361,3.7979029476886694e-08,False,False
31920,1.126714825630188,1.0885194540023804,0.913921594619751,0.9351226091384888,0.9086771011352539,0.9185934949560335,0.9351226011871977,54218.0,0.42720702,77.0,0.026445508003234863,0.00524449348449707,0.026445500051943793,False,False
31933,1.1298826932907104,1.1589686870574951,0.9922372102737427,1.0068929195404053,1.0644795894622803,1.0286698926906905,1.064479568282523,88843.0,0.30310565,83.0,-0.057586669921875,-0.0722423791885376,-2.1179757281331035e-08,True,True
31939,1.508286952972412,1.474324345588684,1.3087804317474365,1.302181601524353,1.382505178451538,1.376965759848786,1.376965759848786,67575.0,0.31024912,76.0,-0.08032357692718506,-0.07372474670410156,-0.005539418602751978,True,True
31951,7.049346446990967,7.081963062286377,6.909875392913818,6.651590347290039,6.561751365661621,7.139981204754934,6.5617517447884115,,,,0.08983898162841797,0.34812402725219727,3.7912679040630337e-07,False,False
31988,0.8543393611907959,0.8306214213371277,0.8140354752540588,0.7941778302192688,0.8564578294754028,0.8599728823272651,0.8599728823272651,67575.0,0.31546697,74.0,-0.06227999925613403,-0.042422354221343994,0.003515052851862266,True,True
31997,1.1288783550262451,1.147868275642395,1.1719214916229248,1.199822187423706,1.161697268486023,1.2561704242227092,1.1998222004829273,17268.0,0.2615692,72.0,0.038124918937683105,0.010224223136901855,0.038124931996904365,False,False
32135,0.7144398093223572,0.7317982912063599,0.6722803711891174,0.6189238429069519,0.7339783310890198,0.699454473305054,0.7339783050724593,53252.0,0.4035433,19.0,-0.11505448818206787,-0.061697959899902344,-2.6016560461528115e-08,True,True
32138,0.8452659249305725,0.8883630037307739,0.7894201874732971,0.9476067423820496,0.9067729115486145,0.7662940704463975,0.9067729148679436,16034.0,0.379801,73.0,0.04083383083343506,-0.11735272407531738,3.319329144879646e-09,False,True
32189,1.4703046083450317,1.5246145725250244,1.293595314025879,1.3098722696304321,1.2929420471191406,1.2725582484607694,1.292942130126034,20880.0,0.2499047,76.0,0.016930222511291504,0.0006532669067382812,8.300689335882794e-08,False,False
32219,2.208254814147949,2.208827257156372,1.8966721296310425,2.014841079711914,2.0769102573394775,2.053224277280421,2.053224277280421,55204.0,0.2491555,62.0,-0.06206917762756348,-0.18023812770843506,-0.023685980059056533,True,True
32332,0.5101279616355896,0.5186899304389954,0.6093913912773132,0.8417078852653503,1.0031330585479736,0.562733094795773,0.562733094795773,73539.0,0.20296766,73.0,-0.1614251732826233,-0.3937416672706604,-0.4403999637522006,True,True
32804,0.8700035214424133,0.9061968922615051,0.8113881945610046,1.1459687948226929,0.9475951790809631,0.6512180537600062,0.6512180537600062,67575.0,0.42208657,47.0,0.19837361574172974,-0.1362069845199585,-0.29637712532095695,False,True
33050,2.05326771736145,2.0597994327545166,0.717684268951416,0.9482353925704956,0.3932639956474304,0.3741083082426367,0.39326397829063453,49381.0,0.3570728,109.0,0.5549713969230652,0.3244202733039856,-1.735679588943384e-08,False,False
104122,2.6651222705841064,2.7068638801574707,2.5935161113739014,2.5245471000671387,2.532762050628662,2.8014328543636817,2.532761896431242,53252.0,0.33416167,54.0,-0.008214950561523438,0.06075406074523926,-1.541974201657581e-07,True,False
104211,4.7678046226501465,4.71213436126709,2.4746434688568115,2.8259897232055664,2.5137453079223633,2.4482503475526527,2.8259898729674866,69646.0,0.47282803,50.0,0.3122444152832031,-0.03910183906555176,0.3122445650451233,False,True
