site_id,Baseline LSTM (No TL),Baseline LSTM (TL),Context-Aware Selective Learning,Deep Context LSTM (Always TL),Deep Context LSTM (No TL),Random Forest,Site-Hard Expert Selector
9689,0.7500693798065186,0.7395404577255249,0.8885565996170044,0.7869324684143066,1.0060756206512451,0.9106958462958172,0.7869324233108622
9943,0.6773440837860107,0.6214910745620728,0.8868070840835571,0.8788652420043945,1.282210350036621,0.8301011354810323,0.8301011354810323
10385,0.4306495189666748,0.4077221155166626,0.32980936765670776,0.3183308243751526,0.48097988963127136,0.3410352231028227,0.3410352231028227
18022,0.6597661375999451,0.6555538177490234,0.6468026041984558,0.5827620029449463,0.7211154699325562,0.8191366458047883,0.5827620025363408
18027,0.6942439079284668,0.6556909680366516,0.6879873871803284,0.597251832485199,0.7254176139831543,0.8696362051973011,0.5972518331699873
18055,0.6076835989952087,0.6348416209220886,0.6109442114830017,0.5389114022254944,0.6845604777336121,0.9312296375635969,0.6845604807411012
18086,0.9085995554924011,0.9283598065376282,0.912316620349884,0.8369913697242737,1.0578267574310303,1.0508180570175598,1.0578267906011602
29249,0.8295839428901672,0.8087753057479858,0.835762083530426,0.8400653004646301,0.7674756050109863,0.9068907408929361,0.7674756003940366
29263,1.9130455255508423,1.9843037128448486,2.0016629695892334,2.0647125244140625,2.0359930992126465,1.6898999888823483,1.6898999888823483
29357,0.9364612698554993,0.9838796854019165,0.8570472002029419,0.9669036865234375,0.8923904299736023,0.8308048610249253,0.8308048610249253
29366,0.7355479001998901,0.7621118426322937,0.8529567718505859,0.8434587121009827,0.8639339804649353,0.9322341561463866,0.8434587008796762
29373,0.9983268976211548,0.9751557111740112,0.890191376209259,0.9370984435081482,0.8646940588951111,0.9722091993319699,0.9370984543267005
29419,1.4819111824035645,1.4497030973434448,1.4761955738067627,1.4270457029342651,1.5452425479888916,1.5014529372323502,1.427045655826566
29465,1.3328958749771118,1.290737509727478,1.1101131439208984,1.0887371301651,1.0117344856262207,1.215847947195913,1.215847947195913
29476,0.8397266268730164,0.8625692129135132,1.0282810926437378,0.9619746804237366,1.0884954929351807,1.066393584150345,0.9619746270464797
29532,0.7172704935073853,0.7710319757461548,0.6094258427619934,0.8114591240882874,0.8303367495536804,0.5452026332455155,0.8303367605419745
29570,1.103714108467102,1.0987639427185059,1.0783835649490356,1.1570217609405518,1.1775434017181396,1.1169813966623054,1.1169813966623054
29581,1.5479626655578613,1.5548137426376343,1.2644399404525757,1.289345145225525,1.3581821918487549,1.2617021190324822,1.3581821313545015
29599,1.4314427375793457,1.4857038259506226,1.4597257375717163,1.4765454530715942,1.4871467351913452,1.3284126989205356,1.4871468572402038
29680,1.2043131589889526,1.2539433240890503,1.4014897346496582,1.4404761791229248,1.3775829076766968,1.2911346444308984,1.4404762305011516
29708,0.9115194082260132,0.8883376121520996,0.8540502190589905,0.8412266373634338,0.9187513589859009,0.866206491213363,0.841226640849949
29740,1.2268668413162231,1.2341876029968262,1.2723451852798462,1.2703620195388794,1.3285146951675415,1.2945748086331614,1.2703620005582734
29756,0.9797584414482117,0.9485698342323303,0.9236420392990112,1.0037684440612793,0.9484882354736328,0.9806397229390871,0.9484882212147262
29794,4.153933048248291,4.118252277374268,4.1873884201049805,4.189244270324707,4.218478679656982,4.2510395921214785,4.218478789123876
29812,1.188856840133667,1.2500526905059814,0.5885919332504272,1.0036547183990479,0.9772154092788696,0.5459894767560005,0.5459894767560005
29828,0.7865279912948608,0.8093159198760986,0.7901151776313782,0.8651999831199646,0.8313894271850586,0.7549982047102591,0.8313894207771718
29829,1.1914148330688477,1.2646294832229614,1.0941005945205688,1.1746057271957397,1.0549449920654297,0.9700889016058925,1.1746057015829068
29848,0.6491485238075256,0.6426041722297668,0.6923326849937439,0.7028337121009827,0.6506743431091309,0.7594437713824005,0.6506743221203325
29861,0.8092407584190369,0.8169257640838623,0.8135950565338135,0.7821162343025208,0.8279494047164917,0.8820808579287658,0.7821162684003491
29908,0.7638322114944458,0.7754725217819214,0.858594536781311,0.8344168663024902,0.9153224229812622,0.8578852765014352,0.8578852765014352
29909,1.8794630765914917,1.8164089918136597,1.5639410018920898,1.675710678100586,1.5582823753356934,1.7367798953302667,1.558282458947842
29931,1.3773399591445923,1.3360356092453003,1.174409031867981,1.1657098531723022,1.220929503440857,1.2113393382449664,1.2209294988249013
29961,1.3287523984909058,1.2754981517791748,1.250008225440979,1.2595587968826294,1.3164969682693481,1.2796920457609018,1.2796920457609018
29971,0.9526627659797668,0.9671897292137146,0.9789084792137146,1.05727219581604,0.9824439883232117,0.9429123506207633,0.9824439897315059
29982,0.9870376586914062,0.9159836173057556,0.7248760461807251,0.7267659902572632,0.7543991804122925,0.7851976676315753,0.7267659632902813
29997,0.8970999121665955,0.9554281234741211,0.9494767785072327,1.0427521467208862,0.9302309155464172,0.9637806015245513,1.042752183874624
30035,0.9241766929626465,0.9302589893341064,0.9344824552536011,0.9555148482322693,0.9794365763664246,0.9030907577129396,0.9794365844623265
30066,0.5932763814926147,0.6372246146202087,0.5858155488967896,0.5983961224555969,0.5608081221580505,0.6026216095314272,0.5608081629907334
30104,3.6490495204925537,3.718745470046997,2.776385545730591,2.904953718185425,2.5969903469085693,2.812153179623714,2.9049536312291204
30225,0.5272694230079651,0.542598307132721,0.49450990557670593,0.5187084674835205,0.5492720603942871,0.5718999436041361,0.5492720756102734
30247,0.8234014511108398,0.868389368057251,0.6104821562767029,0.8590002655982971,0.9200341105461121,0.6238715994509346,0.6238715994509346
30249,0.8779910802841187,0.9332248568534851,0.9869042038917542,0.9747456908226013,1.1932603120803833,0.9783928729774216,0.9747456703770974
30265,0.6846988797187805,0.6604616045951843,0.5592918992042542,0.5598906874656677,0.5861939191818237,0.5963399707345333,0.5861939367509179
30341,0.9739030599594116,0.9755211472511292,0.9760714769363403,0.9088762998580933,1.0507032871246338,1.0063708832768608,1.0063708832768608
30380,0.6965931057929993,0.7193016409873962,0.7677469849586487,0.8783954977989197,0.8513104915618896,0.724124626571742,0.8513105282190666
30385,0.4710649251937866,0.5028091669082642,0.4689503014087677,0.7123204469680786,0.7503370046615601,0.46160413445275017,0.46160413445275017
30425,1.2723392248153687,1.2326452732086182,1.374922752380371,1.345491886138916,1.4369882345199585,1.4318097331265498,1.34549190326437
30427,0.8143221735954285,0.807218611240387,0.7583662271499634,0.7540389895439148,0.8014463186264038,0.7656029288716624,0.8014463239218369
30474,0.6484019160270691,0.6152333617210388,0.7292411923408508,0.7565778493881226,0.7196804285049438,0.7388040637553199,0.7196804253483514
30578,1.2567583322525024,1.2464654445648193,1.291890263557434,1.2427197694778442,1.3811440467834473,1.34775698995557,1.34775698995557
30586,0.8391842246055603,0.8262981176376343,0.8192147016525269,0.7675891518592834,0.7894852757453918,0.9261353450753844,0.9261353450753844
30638,1.6830413341522217,2.0396695137023926,1.7467155456542969,1.6945518255233765,1.896627426147461,1.9677566984405213,1.9677566984405213
30656,0.8071560263633728,0.8327778577804565,0.8306489586830139,0.8930375576019287,0.8278759717941284,0.8080071329849337,0.8080071329849337
30760,0.6237419247627258,0.6830950379371643,0.5822588205337524,0.6584641933441162,0.6831976771354675,0.6224222745955611,0.6584641831841449
30788,1.0971481800079346,1.0693961381912231,1.20902681350708,1.1570435762405396,1.2270559072494507,1.2393644897941294,1.2270559160166086
30795,1.4308379888534546,1.4664055109024048,1.3582578897476196,1.3992589712142944,1.373289942741394,1.4268378727951658,1.3992589800573714
30808,0.6653105616569519,0.6232351064682007,0.637454092502594,0.6205139756202698,0.6402694582939148,0.6748114622685513,0.6205139920232755
30832,2.1272127628326416,2.1061384677886963,1.997900128364563,2.0178334712982178,2.0825343132019043,2.045319710302689,2.045319710302689
30868,0.8994424343109131,0.8859254121780396,0.9281349778175354,0.9186730980873108,0.9054393172264099,0.9404540494680499,0.9054393411162349
30919,2.651048421859741,2.629348039627075,2.5091283321380615,2.5760092735290527,2.5291588306427,2.5878865997875047,2.5878865997875047
30981,1.522505760192871,1.518133521080017,1.4718732833862305,1.4462521076202393,1.467956304550171,1.7157867301153782,1.7157867301153782
31008,2.1419754028320312,2.1720361709594727,2.2122254371643066,2.194549083709717,2.133572816848755,2.2047922736540584,2.133572938178015
31022,0.8193667531013489,0.8787312507629395,0.8094070553779602,1.0675814151763916,1.0208690166473389,0.7992507088865157,0.7992507088865157
31032,1.3157451152801514,1.3582699298858643,1.5069868564605713,1.5469584465026855,1.63127601146698,1.4118951316809607,1.6312759952696203
31064,1.0418838262557983,0.9906785488128662,0.6304189562797546,0.6213493943214417,0.655899703502655,0.7039618064320273,0.6558996906440552
31247,1.365119457244873,1.4173858165740967,0.9717117547988892,1.1524806022644043,0.9446739554405212,0.9030078683664378,1.152480735157936
31257,0.8175306916236877,0.7899582386016846,0.8577419519424438,0.839749276638031,0.9498841166496277,0.8890656969732046,0.8890656969732046
31324,1.8765668869018555,1.8931022882461548,1.8887653350830078,1.9513598680496216,2.014359712600708,1.8564264874837573,1.8564264874837573
31343,1.2257200479507446,1.2217971086502075,1.2154998779296875,1.2958894968032837,1.264527678489685,1.2601976976056577,1.2601976976056577
31403,1.4608198404312134,1.5102262496948242,1.5172288417816162,1.554274320602417,1.5050806999206543,1.4029153705328978,1.5050805652127712
31425,1.307533621788025,1.2635388374328613,0.926561176776886,0.9062421917915344,0.9926977753639221,1.0762167830564335,1.0762167830564335
31482,1.068759560585022,1.0110615491867065,0.6141790151596069,0.7321685552597046,0.6869947910308838,0.6724422495892736,0.6724422495892736
31515,1.5051556825637817,1.4984772205352783,1.5457087755203247,1.5143941640853882,1.5155894756317139,1.666483695681375,1.5155894426923004
31528,1.066726565361023,1.043344259262085,1.144301414489746,1.1049083471298218,1.1220735311508179,1.2230678348427124,1.104908337738793
31541,0.780324399471283,0.7965050935745239,0.7737412452697754,0.7416244149208069,0.8219066858291626,0.7394464525521777,0.7394464525521777
31543,1.1820740699768066,1.2337889671325684,0.7568318247795105,1.0329034328460693,0.9416866898536682,0.6263705755759853,1.0329033994648376
31567,0.6949567794799805,0.6671126484870911,0.679307222366333,0.6568571329116821,0.7200279235839844,0.7587453699309075,0.7587453699309075
31593,0.9704833030700684,0.9722552299499512,0.9898639917373657,0.9675208926200867,0.976800799369812,0.984407968359968,0.9768007949113249
31631,0.9971351623535156,0.9480800032615662,0.7332957983016968,0.7835344672203064,0.6545335650444031,0.7626067390134594,0.783534452829006
31642,0.9189754128456116,0.9074205160140991,0.8967946171760559,0.9359259009361267,0.8962838053703308,1.0195897333138202,0.8962837676893792
31683,1.9804288148880005,2.032045602798462,2.0167863368988037,2.09393310546875,2.0513241291046143,2.1237715247356213,2.051324156970446
31688,0.4312146008014679,0.4091496169567108,0.43107956647872925,0.427052766084671,0.49622154235839844,0.4115449741675009,0.4270527834868207
31696,2.240635871887207,2.2876548767089844,2.176950216293335,2.2140395641326904,2.157193899154663,2.142091566484531,2.142091566484531
31792,0.7187000513076782,0.7853431701660156,0.4834243059158325,0.7160152792930603,0.5464343428611755,0.4131543665047371,0.5464342996009737
31854,0.8251295685768127,0.8369305729866028,0.8802658915519714,0.8841176629066467,0.8763464689254761,0.9010365372138968,0.8763465069045056
31920,1.126714825630188,1.0885194540023804,0.913921594619751,0.9351226091384888,0.9086771011352539,0.9185934949560335,0.9351226011871977
31933,1.1298826932907104,1.1589686870574951,0.9922372102737427,1.0068929195404053,1.0644795894622803,1.0286698926906905,1.064479568282523
31939,1.508286952972412,1.474324345588684,1.3087804317474365,1.302181601524353,1.382505178451538,1.376965759848786,1.376965759848786
31951,7.049346446990967,7.081963062286377,6.909875392913818,6.651590347290039,6.561751365661621,7.139981204754934,6.5617517447884115
31988,0.8543393611907959,0.8306214213371277,0.8140354752540588,0.7941778302192688,0.8564578294754028,0.8599728823272651,0.8599728823272651
31997,1.1288783550262451,1.147868275642395,1.1719214916229248,1.199822187423706,1.161697268486023,1.2561704242227092,1.1998222004829273
32135,0.7144398093223572,0.7317982912063599,0.6722803711891174,0.6189238429069519,0.7339783310890198,0.699454473305054,0.7339783050724593
32138,0.8452659249305725,0.8883630037307739,0.7894201874732971,0.9476067423820496,0.9067729115486145,0.7662940704463975,0.9067729148679436
32189,1.4703046083450317,1.5246145725250244,1.293595314025879,1.3098722696304321,1.2929420471191406,1.2725582484607694,1.292942130126034
32219,2.208254814147949,2.208827257156372,1.8966721296310425,2.014841079711914,2.0769102573394775,2.053224277280421,2.053224277280421
32332,0.5101279616355896,0.5186899304389954,0.6093913912773132,0.8417078852653503,1.0031330585479736,0.562733094795773,0.562733094795773
32804,0.8700035214424133,0.9061968922615051,0.8113881945610046,1.1459687948226929,0.9475951790809631,0.6512180537600062,0.6512180537600062
33050,2.05326771736145,2.0597994327545166,0.717684268951416,0.9482353925704956,0.3932639956474304,0.3741083082426367,0.39326397829063453
104122,2.6651222705841064,2.7068638801574707,2.5935161113739014,2.5245471000671387,2.532762050628662,2.8014328543636817,2.532761896431242
104211,4.7678046226501465,4.71213436126709,2.4746434688568115,2.8259897232055664,2.5137453079223633,2.4482503475526527,2.8259898729674866
