site_id,well_id,gmw_bro_id,tube_number,n_gld_series,max_observations_meta,sum_observations_meta,first_date_meta,last_date_meta,lon,lat,index_right,use_obj_type,use_obj_id,facility_bro_id,distance_to_use_m,tube_rank_within_well_meta,actual_observation_rows,actual_first_date,actual_last_date,downloaded_gld_count,tube_rank_within_well_actual
9687,8527,GMW000000015154,1,1,237,237,2007-02-07,2025-09-29,4.5911719489662355,52.32140231816615,5145,facility_point,GUF000000042913,GUF000000042913,41.43738960013196,1,,,,0,1
9941,8641,GMW000000015268,1,1,307,307,2001-09-28,2025-09-30,4.826891062352474,52.47174301611492,1015,facility_point,GUF000000018278,GUF000000018278,23.76814296348025,1,,,,0,1
10385,8832,GMW000000015459,2,1,360,360,1990-10-15,2025-09-26,4.607834810916973,52.408300597978325,7754,design_well,536404,,45.6852683692673,1,,,,0,1
18022,15233,GMW000000022528,1,1,10,10,2001-06-15,2021-01-03,4.656699752086735,52.46022972753683,8036,design_well,542254,,32.31337799988062,1,,,,0,1
18027,15238,GMW000000022533,1,1,10,10,2001-06-15,2021-01-03,4.657294552096291,52.46065401753155,8036,design_well,542254,,48.42243060364549,1,,,,0,1
18055,15266,GMW000000022561,1,1,10,10,2001-06-15,2021-01-03,4.657684202056669,52.4588858375295,8345,design_well,556693,,40.83956921579503,1,,,,0,1
18086,15297,GMW000000022592,1,1,10,10,2001-06-15,2021-01-03,4.656894642065857,52.459298007535835,591,facility_point,GUF000000056227,GUF000000056227,38.76488965498094,1,,,,0,1
29249,22425,GMW000000030918,1,2,228,255,1981-07-03,2025-03-26,4.887598429993796,52.365016325677374,2794,facility_point,GUF000000048439,GUF000000048439,5.83193378998715,1,,,,0,1
29263,22436,GMW000000030929,1,2,121,134,1990-10-31,2023-01-25,4.864208589773051,52.3551905958758,2688,facility_point,GUF000000051141,GUF000000051141,38.64033069069046,1,,,,0,1
29357,22526,GMW000000031019,1,2,239,266,1979-11-15,2025-04-03,4.849015320575201,52.3915587959816,7071,realised_well,517756,,13.991230717983257,1,,,,0,1
29366,22535,GMW000000031028,1,2,209,211,1977-03-21,2022-12-01,4.8394029396087275,52.347951126084794,2257,facility_point,GUF000000058263,GUF000000058263,36.89169842975926,1,,,,0,1
29373,22542,GMW000000031035,1,2,184,225,1991-06-19,2025-03-18,4.918756770021918,52.366078415419764,2921,facility_point,GUF000000001397,GUF000000001397,42.999094920639486,1,,,,0,1
29419,22585,GMW000000031078,1,2,204,252,1991-01-09,2025-04-09,4.869516809506514,52.34308044583819,2697,facility_point,GUF000000017692,GUF000000017692,35.1717170875961,1,,,,0,1
29465,22629,GMW000000031122,1,2,99,110,2004-07-15,2022-02-01,4.8686260494703495,52.341449755846384,6431,realised_well,545394,,23.44729773037259,1,,,,0,1
29476,22640,GMW000000031133,1,2,185,227,1994-01-02,2025-03-06,4.954286908574011,52.299938215159436,3147,facility_point,GUF000000044798,GUF000000044798,22.823995534605412,1,,,,0,1
29532,22695,GMW000000031188,1,2,155,182,1994-11-07,2025-03-19,4.904894600083841,52.36897971553251,8201,design_well,549762,,27.6108793082318,1,,,,0,1
29570,22733,GMW000000031226,1,2,223,235,1979-05-04,2022-12-14,4.871351580565879,52.39101105579726,2773,facility_point,GUF000000025194,GUF000000025194,36.619954639299515,1,,,,0,1
29581,22744,GMW000000031237,1,2,63,74,2009-03-05,2022-12-28,4.931975440013722,52.36561767531101,7899,design_well,541724,,37.10651009130191,1,,,,0,1
29599,22762,GMW000000031255,1,2,238,265,1978-12-08,2025-03-05,4.952208940737892,52.39838187512641,6210,facility_point,GUF000000004499,GUF000000004499,38.4696964491066,1,,,,0,1
29655,22815,GMW000000031308,1,2,218,231,1978-09-19,2023-01-25,4.8775434897906464,52.35588686576525,3353,facility_point,GUF000000030783,GUF000000030783,48.91754540623945,1,,,,0,1
29680,22840,GMW000000031333,1,2,153,157,1990-05-09,2021-10-04,4.854974509611474,52.34795024595594,2242,facility_point,GUF000000021563,GUF000000021563,37.80174050182267,1,,,,0,1
29698,22858,GMW000000031351,3,2,53,78,2004-11-22,2025-05-08,4.987834629892617,52.359734634854554,3737,facility_point,GUF000000006404,GUF000000006404,49.25413068638751,1,,,,0,1
29708,22866,GMW000000031359,1,2,145,167,1997-04-04,2025-03-17,4.915586909835767,52.35765332545031,8162,design_well,548082,,13.293852539023419,1,,,,0,1
29740,22896,GMW000000031389,1,2,118,149,2002-09-20,2025-04-15,4.842211719546315,52.345105976062996,7906,design_well,541717,,4.512566317716492,1,,,,0,1
29756,22911,GMW000000031404,1,2,242,264,1977-06-27,2025-04-28,4.876014899681704,52.35096397578045,3351,facility_point,GUF000000007149,GUF000000007149,39.99996054253735,1,,,,0,1
29794,22948,GMW000000031441,1,2,160,172,1991-01-02,2022-12-27,4.916059640042878,52.367047375441445,7566,design_well,534036,,24.227783290620412,1,,,,0,1
29812,22965,GMW000000031458,1,2,310,322,1969-07-01,2022-12-29,4.8842640599106275,52.361272295706904,2796,facility_point,GUF000000082645,GUF000000082645,42.72047586824589,1,,,,0,1
29828,22981,GMW000000031474,1,2,88,100,2005-12-09,2023-01-26,4.897072989780603,52.355286255604284,2873,facility_point,GUF000000005273,GUF000000005273,45.88126096286055,1,,,,0,1
29829,22982,GMW000000031475,1,2,249,273,1976-11-25,2025-02-18,4.800248769819031,52.35775790640412,7882,design_well,540761,,37.57276166790934,1,,,,0,1
29848,23001,GMW000000031494,1,2,177,196,1991-02-27,2025-05-08,4.935250189981037,52.36411129528487,3088,facility_point,GUF000000016728,GUF000000016728,37.65585868352165,1,,,,0,1
29861,23013,GMW000000031506,1,2,113,125,2002-02-14,2022-12-23,4.886687139593711,52.34689318569439,3379,facility_point,GUF000000009562,GUF000000009562,15.653022570945852,1,,,,0,1
29908,23060,GMW000000031553,1,2,202,229,1977-03-21,2025-04-15,4.832944559479058,52.34214192614126,7723,design_well,535481,,4.452145536368851,1,,,,0,1
29909,23061,GMW000000031554,1,2,72,97,2009-03-05,2025-05-08,4.932105260018701,52.36584286530983,7899,design_well,541724,,16.921865572892123,1,,,,0,1
29931,23083,GMW000000031576,1,2,407,429,1963-03-14,2025-04-28,4.8728111594933425,52.34245667581126,2708,facility_point,GUF000000028078,GUF000000028078,46.84088067869765,1,,,,0,1
29961,23111,GMW000000031604,1,2,300,352,1975-01-18,2025-03-18,4.916833559868752,52.35914125543925,8159,design_well,548079,,29.017473910683673,1,,,,0,1
29971,23121,GMW000000031614,1,2,69,77,2007-03-14,2024-10-18,4.95597856889309,52.31445960513886,3149,facility_point,GUF000000052358,GUF000000052358,20.517113179892476,1,,,,0,1
29982,23131,GMW000000031624,1,2,282,304,1976-05-14,2025-02-05,4.8773936403608,52.38169898575258,7623,design_well,534505,,23.323734022886665,1,,,,0,1
29997,23145,GMW000000031638,1,2,56,83,2007-04-04,2025-04-29,4.910961850651539,52.394673135468246,2954,facility_point,GUF000000010756,GUF000000010756,21.931786909818566,1,,,,0,1
30035,23181,GMW000000031674,1,2,242,268,1978-12-08,2025-03-05,4.95196953061572,52.39283561513149,3640,facility_point,GUF000000019123,GUF000000019123,24.412860867610025,1,,,,0,1
30066,23211,GMW000000031704,4,2,273,285,1989-10-11,2025-05-02,5.025184171072239,52.413277044518466,3741,facility_point,GUF000000008488,GUF000000008488,32.89323961113639,1,,,,0,1
30104,23246,GMW000000031739,1,2,159,192,1995-02-07,2025-03-18,4.911868069694419,52.3512661554843,2872,facility_point,GUF000000017609,GUF000000017609,17.116138409273915,1,,,,0,1
30225,23365,GMW000000031858,1,2,172,183,1991-03-28,2022-09-28,4.885272089920402,52.36170798569837,2738,facility_point,GUF000000001486,GUF000000001486,13.037393845478203,1,,,,0,1
30247,23386,GMW000000031879,1,2,132,177,2004-11-01,2024-08-29,4.930550539795293,52.35570773532798,7569,design_well,534131,,24.37261185167701,1,,,,0,1
30249,23388,GMW000000031881,1,2,194,230,1990-07-11,2025-03-26,4.896085189789074,52.35567762561222,2873,facility_point,GUF000000005273,GUF000000005273,38.60035879201799,1,,,,0,1
30265,23402,GMW000000031895,1,2,207,213,1990-06-05,2021-12-14,4.930094769796765,52.355777875331704,3064,facility_point,GUF000000001485,GUF000000001485,20.807872781612485,1,,,,0,1
30341,23471,GMW000000031964,1,2,191,218,1992-09-10,2023-02-07,4.842472560504635,52.3884101560375,7439,realised_well,111895,,26.357424992208404,1,,,,0,1
30380,23507,GMW000000032000,1,2,92,104,2005-11-10,2022-12-29,4.900677019942666,52.3626081455707,2917,facility_point,GUF000000001146,GUF000000001146,41.145110035824764,1,,,,0,1
30385,23512,GMW000000032005,1,2,228,254,1980-05-13,2025-03-20,4.898901430205582,52.374536525578925,2937,facility_point,GUF000000016933,GUF000000016933,42.71911420493862,1,,,,0,1
30425,23552,GMW000000032045,1,2,218,240,1979-04-04,2025-02-27,4.870340409809213,52.356781385824284,2719,facility_point,GUF000000069278,GUF000000069278,10.19884189959091,1,,,,0,1
30427,23554,GMW000000032047,1,2,198,223,1978-12-08,2025-03-05,4.947092630646643,52.39426461517082,3629,facility_point,GUF000000008742,GUF000000008742,49.0396840658727,1,,,,0,1
30474,23601,GMW000000032094,1,2,407,446,1963-03-28,2025-04-16,4.858794249713815,52.35255111592199,2678,facility_point,GUF000000004617,GUF000000004617,18.974130194496887,1,,,,0,1
30578,23700,GMW000000032193,1,2,297,345,1977-06-04,2025-04-09,4.8716900594763635,52.34169682582095,7798,design_well,536870,,46.59554663541082,1,,,,0,1
30586,23708,GMW000000032201,1,2,300,302,1977-06-04,2021-05-26,4.869387489473539,52.341587905839994,6431,realised_well,545394,,37.783898598846164,1,,,,0,1
30638,23758,GMW000000032251,1,2,107,137,2003-11-28,2025-04-09,4.880909899441044,52.340019955745596,7849,design_well,539450,,38.25338669017749,1,,,,0,1
30656,23776,GMW000000032269,1,2,133,159,1999-03-02,2025-03-06,4.9525260785772245,52.30010252517384,8297,design_well,553480,,44.84450793912376,1,,,,0,1
30760,23877,GMW000000032370,1,2,191,213,1990-07-13,2025-03-26,4.88447018013829,52.37158210569967,2746,facility_point,GUF000000009170,GUF000000009170,9.219805709697924,1,,,,0,1
30788,23904,GMW000000032397,1,2,108,120,2004-03-25,2023-01-11,4.842827560579761,52.39180015603263,8575,design_well,555958,,48.51578368312825,1,,,,0,1
30795,23910,GMW000000032403,1,2,250,290,1975-02-06,2025-04-10,4.8661496093253955,52.33490477587016,6895,realised_well,109709,,37.98216968650347,1,,,,0,1
30808,23923,GMW000000032416,1,2,178,189,1990-08-31,2022-12-28,4.8936584000893,52.36930191562502,6554,realised_well,544983,,44.625785241679125,1,,,,0,1
30832,23946,GMW000000032439,1,2,176,203,1991-04-08,2025-03-21,4.887447460059431,52.36799062567703,2743,facility_point,GUF000000004970,GUF000000004970,30.414550177907444,1,,,,0,1
30868,23981,GMW000000032474,1,2,187,207,1990-05-31,2025-03-26,4.8927524497317165,52.3531022456411,3380,facility_point,GUF000000010274,GUF000000010274,39.05072905010834,1,,,,0,1
30919,24029,GMW000000032522,1,2,161,196,1991-01-18,2025-03-20,4.909730979922683,52.361638375496526,2885,facility_point,GUF000000019629,GUF000000019629,36.39990940481625,1,,,,0,1
30981,24089,GMW000000032582,3,2,64,91,1998-05-29,2025-04-15,4.8794134398082,52.35666784574943,8559,design_well,563144,,30.837480981617297,1,,,,0,1
31008,24114,GMW000000032607,1,2,154,196,1984-02-16,2025-05-02,4.9383393986599575,52.30401312528898,8196,design_well,549797,,44.41780201025218,1,,,,0,1
31022,24125,GMW000000032618,1,2,220,239,1980-12-18,2023-11-02,4.871005660581109,52.39170160579974,2768,facility_point,GUF000000025194,GUF000000025194,7.212302557905538,1,,,,0,1
31032,24135,GMW000000032628,1,2,196,241,1990-05-02,2025-02-07,4.872739759824923,52.35747490580412,2712,facility_point,GUF000000024057,GUF000000024057,19.72154179835551,1,,,,0,1
31064,24163,GMW000000032656,1,2,245,271,1980-04-24,2025-03-25,4.891095020337521,52.38056180564006,2753,facility_point,GUF000000004314,GUF000000004314,45.099007518888286,1,,,,0,1
31247,24346,GMW000000032839,1,2,90,94,2004-10-11,2021-08-17,4.832549530490561,52.38783382611995,2235,facility_point,GUF000000017244,GUF000000017244,32.80125297084509,1,,,,0,1
31257,24356,GMW000000032849,1,2,284,321,1979-11-15,2025-04-03,4.85327389057895,52.391703895946286,7078,realised_well,517931,,46.057175299918136,1,,,,0,1
31324,24422,GMW000000032915,1,2,479,506,1953-12-12,2025-04-14,4.875260499917479,52.36164715578111,2791,facility_point,GUF000000032571,GUF000000032571,33.99971284132018,1,,,,0,1
31343,24440,GMW000000032933,1,2,190,216,1987-09-28,2025-03-18,4.9121788898703835,52.35924850547758,2882,facility_point,GUF000000011145,GUF000000011145,34.92898977306518,1,,,,0,1
31403,24498,GMW000000032991,1,2,179,179,1984-02-16,2020-12-07,4.939896088622724,52.30230236527694,8189,design_well,549790,,39.386370681605065,1,,,,0,1
31425,24520,GMW000000033013,1,2,170,182,1998-01-16,2022-12-05,4.867050809949742,52.363166255848114,7937,design_well,542504,,26.963081669622774,1,,,,0,1
31482,24576,GMW000000033069,1,2,183,190,1996-04-24,2022-06-16,4.937216869664199,52.34970250527615,3089,facility_point,GUF000000000359,GUF000000000359,47.675673755348015,1,,,,0,1
31515,24608,GMW000000033101,1,2,282,330,1975-01-06,2025-01-27,4.874103169772484,52.3550900757941,7392,realised_well,112350,,31.733189386117935,1,,,,0,1
31528,24621,GMW000000033114,1,2,114,137,2002-12-03,2025-05-08,4.938349799849804,52.358128295262475,3096,facility_point,GUF000000083572,GUF000000083572,13.037437623975245,1,,,,0,1
31541,24634,GMW000000033127,1,2,190,202,1990-06-05,2022-12-30,4.927582119708285,52.35177759535448,3025,facility_point,GUF000000026477,GUF000000026477,26.926684034542056,1,,,,0,1
31543,24636,GMW000000033129,1,2,182,204,1989-10-17,2025-03-28,4.89375829989119,52.36032359562902,2883,facility_point,GUF000000013900,GUF000000013900,31.3991834320092,1,,,,0,1
31567,24659,GMW000000033152,1,2,157,165,1995-11-10,2022-09-15,4.839398139591033,52.347151196085264,8455,design_well,557607,,46.07901703098164,1,,,,0,1
31593,24684,GMW000000033177,1,2,100,113,2004-10-15,2023-01-13,4.790698689564774,52.34636757648929,2189,facility_point,GUF000000000434,GUF000000000434,13.928128803534072,1,,,,0,1
31631,24722,GMW000000033215,1,2,240,263,1978-12-19,2025-04-15,4.867362329694674,52.35161836585162,2692,facility_point,GUF000000017933,GUF000000017933,41.11059714784009,1,,,,0,1
31642,24733,GMW000000033226,1,2,115,116,2004-07-06,2021-08-23,4.8780005593634925,52.33652920577137,3384,facility_point,GUF000000070243,GUF000000070243,43.41647648014053,1,,,,0,1
31683,24773,GMW000000033266,1,2,222,240,1981-01-22,2025-02-26,4.894839849988429,52.364723095617755,6863,realised_well,510739,,45.145040936015526,1,,,,0,1
31688,24778,GMW000000033271,1,2,264,276,1975-08-27,2023-01-25,4.880030069751413,52.35409100574562,3357,facility_point,GUF000000007458,GUF000000007458,47.01128306155628,1,,,,0,1
31696,24786,GMW000000033279,1,2,163,198,1993-01-11,2025-02-28,4.869179659811094,52.356875175833856,2698,facility_point,GUF000000016329,GUF000000016329,17.72062920013056,1,,,,0,1
31792,24882,GMW000000033375,3,2,84,110,2005-12-21,2025-05-09,4.916670170269298,52.37731375543085,6581,realised_well,114836,,27.7855482741049,1,,,,0,1
31854,24941,GMW000000033434,1,2,181,205,1992-08-12,2025-03-05,4.931264860750151,52.399040115298426,6211,facility_point,GUF000000011310,GUF000000011310,43.840518255483694,1,,,,0,1
31920,25004,GMW000000033497,1,2,274,287,1973-09-04,2023-01-26,4.8994730597954845,52.355943285584125,6890,realised_well,501762,,29.804363149548486,1,,,,0,1
31933,25017,GMW000000033510,1,2,257,297,1975-02-06,2025-03-24,4.8621436393256285,52.334949995903266,6897,realised_well,109711,,11.389431266822466,1,,,,0,1
31939,25023,GMW000000033516,1,2,415,437,1963-03-14,2025-04-28,4.872678139523062,52.343804255811705,2707,facility_point,GUF000000017806,GUF000000017806,36.235617614983084,1,,,,0,1
31951,25035,GMW000000033528,1,2,30,31,2009-04-21,2021-01-19,4.886675960333536,52.380408395676625,2787,facility_point,GUF000000026092,GUF000000026092,46.51970794914083,1,,,,0,1
31988,25072,GMW000000033565,1,2,170,197,1992-01-28,2025-04-03,4.8421268605716365,52.39143742603864,2266,facility_point,GUF000000084833,GUF000000084833,34.92976844097594,1,,,,0,1
31997,25081,GMW000000033574,1,2,181,201,1989-04-28,2024-07-23,4.875822400163016,52.37275842577046,2747,facility_point,GUF000000023679,GUF000000023679,31.624747724928326,1,,,,0,1
32135,25215,GMW000000033708,1,2,104,136,2005-12-13,2023-06-09,4.892188399744061,52.35366611564544,3380,facility_point,GUF000000010274,GUF000000010274,46.646984571879614,1,,,,0,1
32138,25218,GMW000000033711,1,2,175,182,1990-02-22,2022-07-11,4.883178690564894,52.39090019569963,2756,facility_point,GUF000000001930,GUF000000001930,23.022004556432396,1,,,,0,1
32189,25268,GMW000000033761,1,2,179,212,1990-06-02,2025-02-28,4.925590769480441,52.34144294537609,3011,facility_point,GUF000000007837,GUF000000007837,24.41268744568506,1,,,,0,1
32219,25297,GMW000000033790,1,2,228,249,1977-02-23,2025-02-17,4.8374522101042015,52.37035756608906,7597,design_well,534330,,29.202187073170855,1,,,,0,1
32332,25405,GMW000000033898,1,2,183,207,1993-04-05,2023-02-10,4.831442709435874,52.34020251615472,2208,facility_point,GUF000000000007,GUF000000000007,34.88469636725103,1,,,,0,1
32804,25606,GMW000000034099,1,1,110,110,1992-03-20,2025-04-28,4.725302207018341,52.23224135708446,1227,facility_point,GUF000000002224,GUF000000002224,49.039297023153786,1,,,,0,1
33050,25692,GMW000000034185,2,1,648,648,1955-01-06,2025-04-28,4.623758021273553,52.42410603783539,7305,realised_well,523422,,42.29010685976075,1,,,,0,1
104122,78389,GMW000000093896,1,1,207,207,1990-03-16,2026-01-29,4.661111465822604,52.35903622856132,5706,facility_point,GUF000000088068,GUF000000088068,32.321002972332735,1,,,,0,1
104211,78478,GMW000000093985,1,1,207,207,1993-06-22,2026-01-29,4.664351916492882,52.389007165517434,6797,realised_well,532774,,45.27270313734271,1,,,,0,1
