site_id,driver_code,driver,lag,corr,n_overlap,coverage_months,abs_corr,driver_lag
9687,tsmp_wtda,TSMP wtda,1,0.09203736617400862,113,113,0.09203736617400862,TSMP wtda t-1
9687,tsmp_wtda,TSMP wtda,2,0.1793156379999687,113,113,0.1793156379999687,TSMP wtda t-2
9687,tsmp_wtda,TSMP wtda,3,0.20882736350059644,113,113,0.20882736350059644,TSMP wtda t-3
9687,pr_a,Precipitation anomaly,1,-0.08859328214765351,113,113,0.08859328214765351,Precipitation t-1
9687,pr_a,Precipitation anomaly,2,0.01783434249224904,113,113,0.01783434249224904,Precipitation t-2
9687,pr_a,Precipitation anomaly,3,0.1273614705714412,113,113,0.1273614705714412,Precipitation t-3
9687,sm_a,Soil moisture anomaly,1,0.15220007040910208,113,113,0.15220007040910208,Soil moisture t-1
9687,sm_a,Soil moisture anomaly,2,0.09461547928631066,113,113,0.09461547928631066,Soil moisture t-2
9687,sm_a,Soil moisture anomaly,3,0.12559489398771978,113,113,0.12559489398771978,Soil moisture t-3
9941,tsmp_wtda,TSMP wtda,1,0.26785800620141537,178,178,0.26785800620141537,TSMP wtda t-1
9941,tsmp_wtda,TSMP wtda,2,0.2850834257986582,178,178,0.2850834257986582,TSMP wtda t-2
9941,tsmp_wtda,TSMP wtda,3,0.3258232534300244,178,178,0.3258232534300244,TSMP wtda t-3
9941,pr_a,Precipitation anomaly,1,-0.049659600566886,178,178,0.049659600566886,Precipitation t-1
9941,pr_a,Precipitation anomaly,2,-0.0016705244291451168,178,178,0.0016705244291451168,Precipitation t-2
9941,pr_a,Precipitation anomaly,3,-0.002116064931949545,178,178,0.002116064931949545,Precipitation t-3
9941,sm_a,Soil moisture anomaly,1,0.020522628849122527,178,178,0.020522628849122527,Soil moisture t-1
9941,sm_a,Soil moisture anomaly,2,-0.03200346537633886,178,178,0.03200346537633886,Soil moisture t-2
9941,sm_a,Soil moisture anomaly,3,-0.04743313713795638,178,178,0.04743313713795638,Soil moisture t-3
10385,tsmp_wtda,TSMP wtda,1,0.3110905694497265,167,167,0.3110905694497265,TSMP wtda t-1
10385,tsmp_wtda,TSMP wtda,2,0.29409070434888596,167,167,0.29409070434888596,TSMP wtda t-2
10385,tsmp_wtda,TSMP wtda,3,0.27115218378662526,167,167,0.27115218378662526,TSMP wtda t-3
10385,pr_a,Precipitation anomaly,1,0.13832208203886334,167,167,0.13832208203886334,Precipitation t-1
10385,pr_a,Precipitation anomaly,2,0.16039397542845601,167,167,0.16039397542845601,Precipitation t-2
10385,pr_a,Precipitation anomaly,3,0.18112185796813868,167,167,0.18112185796813868,Precipitation t-3
10385,sm_a,Soil moisture anomaly,1,-0.24860916446150927,167,167,0.24860916446150927,Soil moisture t-1
10385,sm_a,Soil moisture anomaly,2,-0.24388649380288455,167,167,0.24388649380288455,Soil moisture t-2
10385,sm_a,Soil moisture anomaly,3,-0.22994353365294293,167,167,0.22994353365294293,Soil moisture t-3
18022,tsmp_wtda,TSMP wtda,1,0.09261416438709348,64,64,0.09261416438709348,TSMP wtda t-1
18022,tsmp_wtda,TSMP wtda,2,0.14533230806841083,64,64,0.14533230806841083,TSMP wtda t-2
18022,tsmp_wtda,TSMP wtda,3,0.21911031133190081,64,64,0.21911031133190081,TSMP wtda t-3
18022,pr_a,Precipitation anomaly,1,-0.13814078145704314,64,64,0.13814078145704314,Precipitation t-1
18022,pr_a,Precipitation anomaly,2,-0.05657529521635798,64,64,0.05657529521635798,Precipitation t-2
18022,pr_a,Precipitation anomaly,3,-0.10162322592431519,64,64,0.10162322592431519,Precipitation t-3
18022,sm_a,Soil moisture anomaly,1,0.031205100128510424,64,64,0.031205100128510424,Soil moisture t-1
18022,sm_a,Soil moisture anomaly,2,-0.06839657256279708,64,64,0.06839657256279708,Soil moisture t-2
18022,sm_a,Soil moisture anomaly,3,-0.05461444630778965,64,64,0.05461444630778965,Soil moisture t-3
18027,tsmp_wtda,TSMP wtda,1,0.15814436578758267,64,64,0.15814436578758267,TSMP wtda t-1
18027,tsmp_wtda,TSMP wtda,2,0.29611810825080487,64,64,0.29611810825080487,TSMP wtda t-2
18027,tsmp_wtda,TSMP wtda,3,0.4228389753772648,64,64,0.4228389753772648,TSMP wtda t-3
18027,pr_a,Precipitation anomaly,1,-0.10672790028984369,64,64,0.10672790028984369,Precipitation t-1
18027,pr_a,Precipitation anomaly,2,-0.055323722154937985,64,64,0.055323722154937985,Precipitation t-2
18027,pr_a,Precipitation anomaly,3,-0.07027473386723138,64,64,0.07027473386723138,Precipitation t-3
18027,sm_a,Soil moisture anomaly,1,0.0535494841319963,64,64,0.0535494841319963,Soil moisture t-1
18027,sm_a,Soil moisture anomaly,2,-0.05350967680272266,64,64,0.05350967680272266,Soil moisture t-2
18027,sm_a,Soil moisture anomaly,3,-0.06118147960918369,64,64,0.06118147960918369,Soil moisture t-3
18055,tsmp_wtda,TSMP wtda,1,-0.2942515699703862,64,64,0.2942515699703862,TSMP wtda t-1
18055,tsmp_wtda,TSMP wtda,2,-0.28574501475965597,64,64,0.28574501475965597,TSMP wtda t-2
18055,tsmp_wtda,TSMP wtda,3,-0.37992553459309786,64,64,0.37992553459309786,TSMP wtda t-3
18055,pr_a,Precipitation anomaly,1,0.04308130001967632,64,64,0.04308130001967632,Precipitation t-1
18055,pr_a,Precipitation anomaly,2,0.1088026307878846,64,64,0.1088026307878846,Precipitation t-2
18055,pr_a,Precipitation anomaly,3,0.2295049946510631,64,64,0.2295049946510631,Precipitation t-3
18055,sm_a,Soil moisture anomaly,1,0.2340883473308258,64,64,0.2340883473308258,Soil moisture t-1
18055,sm_a,Soil moisture anomaly,2,0.03701004517830107,64,64,0.03701004517830107,Soil moisture t-2
18055,sm_a,Soil moisture anomaly,3,0.2346691620189148,64,64,0.2346691620189148,Soil moisture t-3
18086,tsmp_wtda,TSMP wtda,1,-0.2126010847669947,64,64,0.2126010847669947,TSMP wtda t-1
18086,tsmp_wtda,TSMP wtda,2,-0.261196866673127,64,64,0.261196866673127,TSMP wtda t-2
18086,tsmp_wtda,TSMP wtda,3,-0.3369569675818216,64,64,0.3369569675818216,TSMP wtda t-3
18086,pr_a,Precipitation anomaly,1,-0.01777754121564805,64,64,0.01777754121564805,Precipitation t-1
18086,pr_a,Precipitation anomaly,2,0.009645487591239064,64,64,0.009645487591239064,Precipitation t-2
18086,pr_a,Precipitation anomaly,3,0.08456783825604848,64,64,0.08456783825604848,Precipitation t-3
18086,sm_a,Soil moisture anomaly,1,0.12867997285114777,64,64,0.12867997285114777,Soil moisture t-1
18086,sm_a,Soil moisture anomaly,2,0.030611784235756348,64,64,0.030611784235756348,Soil moisture t-2
18086,sm_a,Soil moisture anomaly,3,0.157934715934563,64,64,0.157934715934563,Soil moisture t-3
29249,tsmp_wtda,TSMP wtda,1,0.03227812079497153,123,123,0.03227812079497153,TSMP wtda t-1
29249,tsmp_wtda,TSMP wtda,2,-0.06833782225027224,123,123,0.06833782225027224,TSMP wtda t-2
29249,tsmp_wtda,TSMP wtda,3,-0.01171260135913337,123,123,0.01171260135913337,TSMP wtda t-3
29249,pr_a,Precipitation anomaly,1,0.057606904042723235,123,123,0.057606904042723235,Precipitation t-1
29249,pr_a,Precipitation anomaly,2,0.12519202909141605,123,123,0.12519202909141605,Precipitation t-2
29249,pr_a,Precipitation anomaly,3,0.15438959718901235,123,123,0.15438959718901235,Precipitation t-3
29249,sm_a,Soil moisture anomaly,1,0.01445299714334752,123,123,0.01445299714334752,Soil moisture t-1
29249,sm_a,Soil moisture anomaly,2,0.02669838516806361,123,123,0.02669838516806361,Soil moisture t-2
29249,sm_a,Soil moisture anomaly,3,0.008872523130508268,123,123,0.008872523130508268,Soil moisture t-3
29263,tsmp_wtda,TSMP wtda,1,-0.2184261802659031,129,129,0.2184261802659031,TSMP wtda t-1
29263,tsmp_wtda,TSMP wtda,2,-0.17825988168054724,129,129,0.17825988168054724,TSMP wtda t-2
29263,tsmp_wtda,TSMP wtda,3,-0.12051640703705764,129,129,0.12051640703705764,TSMP wtda t-3
29263,pr_a,Precipitation anomaly,1,0.14974907847669114,129,129,0.14974907847669114,Precipitation t-1
29263,pr_a,Precipitation anomaly,2,0.23758887244635044,129,129,0.23758887244635044,Precipitation t-2
29263,pr_a,Precipitation anomaly,3,0.3101175298731638,129,129,0.3101175298731638,Precipitation t-3
29263,sm_a,Soil moisture anomaly,1,0.2953126078367019,129,129,0.2953126078367019,Soil moisture t-1
29263,sm_a,Soil moisture anomaly,2,0.13643301854383647,129,129,0.13643301854383647,Soil moisture t-2
29263,sm_a,Soil moisture anomaly,3,0.10192879918460523,129,129,0.10192879918460523,Soil moisture t-3
29357,tsmp_wtda,TSMP wtda,1,0.024722629011593802,126,126,0.024722629011593802,TSMP wtda t-1
29357,tsmp_wtda,TSMP wtda,2,0.05619293356603627,126,126,0.05619293356603627,TSMP wtda t-2
29357,tsmp_wtda,TSMP wtda,3,0.055239536263444286,126,126,0.055239536263444286,TSMP wtda t-3
29357,pr_a,Precipitation anomaly,1,0.10372163137335144,126,126,0.10372163137335144,Precipitation t-1
29357,pr_a,Precipitation anomaly,2,0.31119346081836374,126,126,0.31119346081836374,Precipitation t-2
29357,pr_a,Precipitation anomaly,3,0.2942719153672344,126,126,0.2942719153672344,Precipitation t-3
29357,sm_a,Soil moisture anomaly,1,0.18694483513846918,126,126,0.18694483513846918,Soil moisture t-1
29357,sm_a,Soil moisture anomaly,2,-0.009344427936723054,126,126,0.009344427936723054,Soil moisture t-2
29357,sm_a,Soil moisture anomaly,3,-0.012387693981717919,126,126,0.012387693981717919,Soil moisture t-3
29366,tsmp_wtda,TSMP wtda,1,0.14984537199213663,126,126,0.14984537199213663,TSMP wtda t-1
29366,tsmp_wtda,TSMP wtda,2,0.15213479477884087,126,126,0.15213479477884087,TSMP wtda t-2
29366,tsmp_wtda,TSMP wtda,3,0.20774103202684668,126,126,0.20774103202684668,TSMP wtda t-3
29366,pr_a,Precipitation anomaly,1,0.078833695827472,126,126,0.078833695827472,Precipitation t-1
29366,pr_a,Precipitation anomaly,2,0.1984452893324563,126,126,0.1984452893324563,Precipitation t-2
29366,pr_a,Precipitation anomaly,3,0.11610788696996793,126,126,0.11610788696996793,Precipitation t-3
29366,sm_a,Soil moisture anomaly,1,0.04946696563911307,126,126,0.04946696563911307,Soil moisture t-1
29366,sm_a,Soil moisture anomaly,2,-0.12625072964720557,126,126,0.12625072964720557,Soil moisture t-2
29366,sm_a,Soil moisture anomaly,3,-0.1192621862213469,126,126,0.1192621862213469,Soil moisture t-3
29373,tsmp_wtda,TSMP wtda,1,-0.029744827586384637,110,110,0.029744827586384637,TSMP wtda t-1
29373,tsmp_wtda,TSMP wtda,2,-0.04390651807164051,110,110,0.04390651807164051,TSMP wtda t-2
29373,tsmp_wtda,TSMP wtda,3,-0.07879874476668351,110,110,0.07879874476668351,TSMP wtda t-3
29373,pr_a,Precipitation anomaly,1,-0.07937711578321252,110,110,0.07937711578321252,Precipitation t-1
29373,pr_a,Precipitation anomaly,2,-0.01359577489834062,110,110,0.01359577489834062,Precipitation t-2
29373,pr_a,Precipitation anomaly,3,0.17609044874048752,110,110,0.17609044874048752,Precipitation t-3
29373,sm_a,Soil moisture anomaly,1,0.01581713942878679,110,110,0.01581713942878679,Soil moisture t-1
29373,sm_a,Soil moisture anomaly,2,-0.006144353054493682,110,110,0.006144353054493682,Soil moisture t-2
29373,sm_a,Soil moisture anomaly,3,0.025400222929052748,110,110,0.025400222929052748,Soil moisture t-3
29419,tsmp_wtda,TSMP wtda,1,-0.09565380465376776,134,134,0.09565380465376776,TSMP wtda t-1
29419,tsmp_wtda,TSMP wtda,2,0.0878395511466887,134,134,0.0878395511466887,TSMP wtda t-2
29419,tsmp_wtda,TSMP wtda,3,0.17793839118458338,134,134,0.17793839118458338,TSMP wtda t-3
29419,pr_a,Precipitation anomaly,1,-0.20491971101086018,134,134,0.20491971101086018,Precipitation t-1
29419,pr_a,Precipitation anomaly,2,-0.2582889496180237,134,134,0.2582889496180237,Precipitation t-2
29419,pr_a,Precipitation anomaly,3,-0.3807493363449135,134,134,0.3807493363449135,Precipitation t-3
29419,sm_a,Soil moisture anomaly,1,-0.2283342566814785,134,134,0.2283342566814785,Soil moisture t-1
29419,sm_a,Soil moisture anomaly,2,-0.2615214366006379,134,134,0.2615214366006379,Soil moisture t-2
29419,sm_a,Soil moisture anomaly,3,0.048852122245895885,134,134,0.048852122245895885,Soil moisture t-3
29465,tsmp_wtda,TSMP wtda,1,-0.11815373736984018,77,77,0.11815373736984018,TSMP wtda t-1
29465,tsmp_wtda,TSMP wtda,2,-0.10615431273779177,77,77,0.10615431273779177,TSMP wtda t-2
29465,tsmp_wtda,TSMP wtda,3,-0.08077647113471212,77,77,0.08077647113471212,TSMP wtda t-3
29465,pr_a,Precipitation anomaly,1,-0.4926525145151455,77,77,0.4926525145151455,Precipitation t-1
29465,pr_a,Precipitation anomaly,2,-0.11159205104520696,77,77,0.11159205104520696,Precipitation t-2
29465,pr_a,Precipitation anomaly,3,-0.18525420891713062,77,77,0.18525420891713062,Precipitation t-3
29465,sm_a,Soil moisture anomaly,1,0.11231819901772869,77,77,0.11231819901772869,Soil moisture t-1
29465,sm_a,Soil moisture anomaly,2,0.2754096358620036,77,77,0.2754096358620036,Soil moisture t-2
29465,sm_a,Soil moisture anomaly,3,0.1072512966397567,77,77,0.1072512966397567,Soil moisture t-3
29476,tsmp_wtda,TSMP wtda,1,-0.039077675389323205,119,119,0.039077675389323205,TSMP wtda t-1
29476,tsmp_wtda,TSMP wtda,2,-0.03813365072331499,119,119,0.03813365072331499,TSMP wtda t-2
29476,tsmp_wtda,TSMP wtda,3,-0.11086390095923042,119,119,0.11086390095923042,TSMP wtda t-3
29476,pr_a,Precipitation anomaly,1,0.1143070516041783,119,119,0.1143070516041783,Precipitation t-1
29476,pr_a,Precipitation anomaly,2,-0.06625793389069475,119,119,0.06625793389069475,Precipitation t-2
29476,pr_a,Precipitation anomaly,3,0.15379981149870198,119,119,0.15379981149870198,Precipitation t-3
29476,sm_a,Soil moisture anomaly,1,0.1070477361500463,119,119,0.1070477361500463,Soil moisture t-1
29476,sm_a,Soil moisture anomaly,2,0.0063072424432165765,119,119,0.0063072424432165765,Soil moisture t-2
29476,sm_a,Soil moisture anomaly,3,0.09153985200573228,119,119,0.09153985200573228,Soil moisture t-3
29532,tsmp_wtda,TSMP wtda,1,0.01918624622782442,118,118,0.01918624622782442,TSMP wtda t-1
29532,tsmp_wtda,TSMP wtda,2,0.07182602220990049,118,118,0.07182602220990049,TSMP wtda t-2
29532,tsmp_wtda,TSMP wtda,3,0.02571421243391587,118,118,0.02571421243391587,TSMP wtda t-3
29532,pr_a,Precipitation anomaly,1,0.09757695580839008,118,118,0.09757695580839008,Precipitation t-1
29532,pr_a,Precipitation anomaly,2,0.1386048865049884,118,118,0.1386048865049884,Precipitation t-2
29532,pr_a,Precipitation anomaly,3,0.12596028923451927,118,118,0.12596028923451927,Precipitation t-3
29532,sm_a,Soil moisture anomaly,1,-0.12228892374822818,118,118,0.12228892374822818,Soil moisture t-1
29532,sm_a,Soil moisture anomaly,2,-0.05351490120378407,118,118,0.05351490120378407,Soil moisture t-2
29532,sm_a,Soil moisture anomaly,3,-0.15373834835792585,118,118,0.15373834835792585,Soil moisture t-3
29570,tsmp_wtda,TSMP wtda,1,0.09749242286954735,109,109,0.09749242286954735,TSMP wtda t-1
29570,tsmp_wtda,TSMP wtda,2,0.12174155990380152,109,109,0.12174155990380152,TSMP wtda t-2
29570,tsmp_wtda,TSMP wtda,3,0.09071805677432364,109,109,0.09071805677432364,TSMP wtda t-3
29570,pr_a,Precipitation anomaly,1,0.24651985627221407,109,109,0.24651985627221407,Precipitation t-1
29570,pr_a,Precipitation anomaly,2,0.2011681284363494,109,109,0.2011681284363494,Precipitation t-2
29570,pr_a,Precipitation anomaly,3,0.24742336128072243,109,109,0.24742336128072243,Precipitation t-3
29570,sm_a,Soil moisture anomaly,1,-0.15658917822123664,109,109,0.15658917822123664,Soil moisture t-1
29570,sm_a,Soil moisture anomaly,2,-0.2387227927581337,109,109,0.2387227927581337,Soil moisture t-2
29570,sm_a,Soil moisture anomaly,3,-0.05182053985827756,109,109,0.05182053985827756,Soil moisture t-3
29581,tsmp_wtda,TSMP wtda,1,-0.6108631679914933,34,34,0.6108631679914933,TSMP wtda t-1
29581,tsmp_wtda,TSMP wtda,2,-0.5346273409070376,34,34,0.5346273409070376,TSMP wtda t-2
29581,tsmp_wtda,TSMP wtda,3,-0.6111115028009141,34,34,0.6111115028009141,TSMP wtda t-3
29581,pr_a,Precipitation anomaly,1,0.03925315905177537,34,34,0.03925315905177537,Precipitation t-1
29581,pr_a,Precipitation anomaly,2,0.25880721129298984,34,34,0.25880721129298984,Precipitation t-2
29581,pr_a,Precipitation anomaly,3,0.026652083115446513,34,34,0.026652083115446513,Precipitation t-3
29581,sm_a,Soil moisture anomaly,1,0.35433006356832986,34,34,0.35433006356832986,Soil moisture t-1
29581,sm_a,Soil moisture anomaly,2,0.3891997291362799,34,34,0.3891997291362799,Soil moisture t-2
29581,sm_a,Soil moisture anomaly,3,0.38360665283553697,34,34,0.38360665283553697,Soil moisture t-3
29599,tsmp_wtda,TSMP wtda,1,-0.039177276689908745,124,124,0.039177276689908745,TSMP wtda t-1
29599,tsmp_wtda,TSMP wtda,2,-0.0038121750099752746,124,124,0.0038121750099752746,TSMP wtda t-2
29599,tsmp_wtda,TSMP wtda,3,0.03149560157784279,124,124,0.03149560157784279,TSMP wtda t-3
29599,pr_a,Precipitation anomaly,1,0.13479975661199584,124,124,0.13479975661199584,Precipitation t-1
29599,pr_a,Precipitation anomaly,2,0.25050576155156873,124,124,0.25050576155156873,Precipitation t-2
29599,pr_a,Precipitation anomaly,3,0.2345381232195984,124,124,0.2345381232195984,Precipitation t-3
29599,sm_a,Soil moisture anomaly,1,-0.013265568488888334,124,124,0.013265568488888334,Soil moisture t-1
29599,sm_a,Soil moisture anomaly,2,-0.0008684160373652282,124,124,0.0008684160373652282,Soil moisture t-2
29599,sm_a,Soil moisture anomaly,3,0.16143266577664908,124,124,0.16143266577664908,Soil moisture t-3
29655,tsmp_wtda,TSMP wtda,1,-0.1884266568494916,78,78,0.1884266568494916,TSMP wtda t-1
29655,tsmp_wtda,TSMP wtda,2,-0.13484393113737722,78,78,0.13484393113737722,TSMP wtda t-2
29655,tsmp_wtda,TSMP wtda,3,-0.2491703469560809,78,78,0.2491703469560809,TSMP wtda t-3
29655,pr_a,Precipitation anomaly,1,0.13917061543905113,78,78,0.13917061543905113,Precipitation t-1
29655,pr_a,Precipitation anomaly,2,0.1792636892789623,78,78,0.1792636892789623,Precipitation t-2
29655,pr_a,Precipitation anomaly,3,-0.06840926533946672,78,78,0.06840926533946672,Precipitation t-3
29655,sm_a,Soil moisture anomaly,1,0.06675175606475357,78,78,0.06675175606475357,Soil moisture t-1
29655,sm_a,Soil moisture anomaly,2,-0.11783266025055043,78,78,0.11783266025055043,Soil moisture t-2
29655,sm_a,Soil moisture anomaly,3,-0.11834705968797982,78,78,0.11834705968797982,Soil moisture t-3
29680,tsmp_wtda,TSMP wtda,1,-0.25782048852107353,117,117,0.25782048852107353,TSMP wtda t-1
29680,tsmp_wtda,TSMP wtda,2,-0.27160606161194,117,117,0.27160606161194,TSMP wtda t-2
29680,tsmp_wtda,TSMP wtda,3,-0.2620350290547334,117,117,0.2620350290547334,TSMP wtda t-3
29680,pr_a,Precipitation anomaly,1,0.09049137294157376,117,117,0.09049137294157376,Precipitation t-1
29680,pr_a,Precipitation anomaly,2,0.4907389375728892,117,117,0.4907389375728892,Precipitation t-2
29680,pr_a,Precipitation anomaly,3,0.27417754950360534,117,117,0.27417754950360534,Precipitation t-3
29680,sm_a,Soil moisture anomaly,1,0.23708923500802193,117,117,0.23708923500802193,Soil moisture t-1
29680,sm_a,Soil moisture anomaly,2,0.3938626241463508,117,117,0.3938626241463508,Soil moisture t-2
29680,sm_a,Soil moisture anomaly,3,0.24140531201754822,117,117,0.24140531201754822,Soil moisture t-3
29698,tsmp_wtda,TSMP wtda,1,-0.0802559140558828,29,29,0.0802559140558828,TSMP wtda t-1
29698,tsmp_wtda,TSMP wtda,2,0.008302360015065752,29,29,0.008302360015065752,TSMP wtda t-2
29698,tsmp_wtda,TSMP wtda,3,0.03967470463732373,29,29,0.03967470463732373,TSMP wtda t-3
29698,pr_a,Precipitation anomaly,1,-0.07668471961046985,29,29,0.07668471961046985,Precipitation t-1
29698,pr_a,Precipitation anomaly,2,-0.34141328495852713,29,29,0.34141328495852713,Precipitation t-2
29698,pr_a,Precipitation anomaly,3,-0.3562800858775899,29,29,0.3562800858775899,Precipitation t-3
29698,sm_a,Soil moisture anomaly,1,0.021882711668806423,29,29,0.021882711668806423,Soil moisture t-1
29698,sm_a,Soil moisture anomaly,2,-0.2194574131528921,29,29,0.2194574131528921,Soil moisture t-2
29698,sm_a,Soil moisture anomaly,3,-0.27330821965915425,29,29,0.27330821965915425,Soil moisture t-3
29708,tsmp_wtda,TSMP wtda,1,-0.1110812201999774,119,119,0.1110812201999774,TSMP wtda t-1
29708,tsmp_wtda,TSMP wtda,2,-0.1360987649440528,119,119,0.1360987649440528,TSMP wtda t-2
29708,tsmp_wtda,TSMP wtda,3,-0.2681163861145447,119,119,0.2681163861145447,TSMP wtda t-3
29708,pr_a,Precipitation anomaly,1,-0.2084078970007267,119,119,0.2084078970007267,Precipitation t-1
29708,pr_a,Precipitation anomaly,2,-0.09275413050152626,119,119,0.09275413050152626,Precipitation t-2
29708,pr_a,Precipitation anomaly,3,-0.004232260021815737,119,119,0.004232260021815737,Precipitation t-3
29708,sm_a,Soil moisture anomaly,1,0.09835463528699434,119,119,0.09835463528699434,Soil moisture t-1
29708,sm_a,Soil moisture anomaly,2,0.13502590337822074,119,119,0.13502590337822074,Soil moisture t-2
29708,sm_a,Soil moisture anomaly,3,0.3216810570109594,119,119,0.3216810570109594,Soil moisture t-3
29740,tsmp_wtda,TSMP wtda,1,-0.122818478943085,89,89,0.122818478943085,TSMP wtda t-1
29740,tsmp_wtda,TSMP wtda,2,-0.0253317633040302,89,89,0.0253317633040302,TSMP wtda t-2
29740,tsmp_wtda,TSMP wtda,3,-0.02086117118419373,89,89,0.02086117118419373,TSMP wtda t-3
29740,pr_a,Precipitation anomaly,1,0.004062346285633145,89,89,0.004062346285633145,Precipitation t-1
29740,pr_a,Precipitation anomaly,2,0.06970805806891073,89,89,0.06970805806891073,Precipitation t-2
29740,pr_a,Precipitation anomaly,3,0.15764719339378777,89,89,0.15764719339378777,Precipitation t-3
29740,sm_a,Soil moisture anomaly,1,0.031130054499148498,89,89,0.031130054499148498,Soil moisture t-1
29740,sm_a,Soil moisture anomaly,2,0.2071092253576844,89,89,0.2071092253576844,Soil moisture t-2
29740,sm_a,Soil moisture anomaly,3,0.103559227819324,89,89,0.103559227819324,Soil moisture t-3
29756,tsmp_wtda,TSMP wtda,1,-0.07826994474012128,123,123,0.07826994474012128,TSMP wtda t-1
29756,tsmp_wtda,TSMP wtda,2,-0.11276834672752142,123,123,0.11276834672752142,TSMP wtda t-2
29756,tsmp_wtda,TSMP wtda,3,-0.12342535305618592,123,123,0.12342535305618592,TSMP wtda t-3
29756,pr_a,Precipitation anomaly,1,-0.11795877355676604,123,123,0.11795877355676604,Precipitation t-1
29756,pr_a,Precipitation anomaly,2,0.09657421944262805,123,123,0.09657421944262805,Precipitation t-2
29756,pr_a,Precipitation anomaly,3,0.00825668601201887,123,123,0.00825668601201887,Precipitation t-3
29756,sm_a,Soil moisture anomaly,1,0.03186370458083926,123,123,0.03186370458083926,Soil moisture t-1
29756,sm_a,Soil moisture anomaly,2,0.016779867376402285,123,123,0.016779867376402285,Soil moisture t-2
29756,sm_a,Soil moisture anomaly,3,0.10048223324374678,123,123,0.10048223324374678,Soil moisture t-3
29794,tsmp_wtda,TSMP wtda,1,0.14336463012169837,97,97,0.14336463012169837,TSMP wtda t-1
29794,tsmp_wtda,TSMP wtda,2,0.0804835080709599,97,97,0.0804835080709599,TSMP wtda t-2
29794,tsmp_wtda,TSMP wtda,3,0.11136648214686026,97,97,0.11136648214686026,TSMP wtda t-3
29794,pr_a,Precipitation anomaly,1,0.16277452265025846,97,97,0.16277452265025846,Precipitation t-1
29794,pr_a,Precipitation anomaly,2,-0.019339582815746537,97,97,0.019339582815746537,Precipitation t-2
29794,pr_a,Precipitation anomaly,3,0.001443969235243292,97,97,0.001443969235243292,Precipitation t-3
29794,sm_a,Soil moisture anomaly,1,-0.2528906421407756,97,97,0.2528906421407756,Soil moisture t-1
29794,sm_a,Soil moisture anomaly,2,-0.15594064720648748,97,97,0.15594064720648748,Soil moisture t-2
29794,sm_a,Soil moisture anomaly,3,-0.2850277295799869,97,97,0.2850277295799869,Soil moisture t-3
29812,tsmp_wtda,TSMP wtda,1,0.1499897555191156,130,130,0.1499897555191156,TSMP wtda t-1
29812,tsmp_wtda,TSMP wtda,2,0.14828061337635093,130,130,0.14828061337635093,TSMP wtda t-2
29812,tsmp_wtda,TSMP wtda,3,0.20160644893271074,130,130,0.20160644893271074,TSMP wtda t-3
29812,pr_a,Precipitation anomaly,1,0.26843673507534166,130,130,0.26843673507534166,Precipitation t-1
29812,pr_a,Precipitation anomaly,2,0.21842828433395825,130,130,0.21842828433395825,Precipitation t-2
29812,pr_a,Precipitation anomaly,3,0.30407417595536385,130,130,0.30407417595536385,Precipitation t-3
29812,sm_a,Soil moisture anomaly,1,0.12351685996791846,130,130,0.12351685996791846,Soil moisture t-1
29812,sm_a,Soil moisture anomaly,2,-0.18846977440543022,130,130,0.18846977440543022,Soil moisture t-2
29812,sm_a,Soil moisture anomaly,3,-0.10757573229153494,130,130,0.10757573229153494,Soil moisture t-3
29828,tsmp_wtda,TSMP wtda,1,0.044056785708319654,59,59,0.044056785708319654,TSMP wtda t-1
29828,tsmp_wtda,TSMP wtda,2,0.04121900146363056,59,59,0.04121900146363056,TSMP wtda t-2
29828,tsmp_wtda,TSMP wtda,3,0.13441531285742367,59,59,0.13441531285742367,TSMP wtda t-3
29828,pr_a,Precipitation anomaly,1,-0.28244444380681616,59,59,0.28244444380681616,Precipitation t-1
29828,pr_a,Precipitation anomaly,2,0.11649611290933695,59,59,0.11649611290933695,Precipitation t-2
29828,pr_a,Precipitation anomaly,3,0.16059982002047807,59,59,0.16059982002047807,Precipitation t-3
29828,sm_a,Soil moisture anomaly,1,0.24597423424335235,59,59,0.24597423424335235,Soil moisture t-1
29828,sm_a,Soil moisture anomaly,2,0.06560160477933107,59,59,0.06560160477933107,Soil moisture t-2
29828,sm_a,Soil moisture anomaly,3,0.05213134582487183,59,59,0.05213134582487183,Soil moisture t-3
29829,tsmp_wtda,TSMP wtda,1,0.16084379863564036,121,121,0.16084379863564036,TSMP wtda t-1
29829,tsmp_wtda,TSMP wtda,2,0.1789892410721765,121,121,0.1789892410721765,TSMP wtda t-2
29829,tsmp_wtda,TSMP wtda,3,0.21898308854094206,121,121,0.21898308854094206,TSMP wtda t-3
29829,pr_a,Precipitation anomaly,1,0.17390402827718632,121,121,0.17390402827718632,Precipitation t-1
29829,pr_a,Precipitation anomaly,2,0.2916952253982607,121,121,0.2916952253982607,Precipitation t-2
29829,pr_a,Precipitation anomaly,3,0.458722268435675,121,121,0.458722268435675,Precipitation t-3
29829,sm_a,Soil moisture anomaly,1,0.296213737724049,121,121,0.296213737724049,Soil moisture t-1
29829,sm_a,Soil moisture anomaly,2,-0.20728182216734276,121,121,0.20728182216734276,Soil moisture t-2
29829,sm_a,Soil moisture anomaly,3,0.0005469629688754004,121,121,0.0005469629688754004,Soil moisture t-3
29848,tsmp_wtda,TSMP wtda,1,-0.06571635220725228,129,129,0.06571635220725228,TSMP wtda t-1
29848,tsmp_wtda,TSMP wtda,2,-0.0416353444148212,129,129,0.0416353444148212,TSMP wtda t-2
29848,tsmp_wtda,TSMP wtda,3,-0.039120431678347625,129,129,0.039120431678347625,TSMP wtda t-3
29848,pr_a,Precipitation anomaly,1,-0.052590217513545916,129,129,0.052590217513545916,Precipitation t-1
29848,pr_a,Precipitation anomaly,2,-0.03379769143764012,129,129,0.03379769143764012,Precipitation t-2
29848,pr_a,Precipitation anomaly,3,0.00238758249182054,129,129,0.00238758249182054,Precipitation t-3
29848,sm_a,Soil moisture anomaly,1,-0.03727031455199156,129,129,0.03727031455199156,Soil moisture t-1
29848,sm_a,Soil moisture anomaly,2,-0.08885518246602526,129,129,0.08885518246602526,Soil moisture t-2
29848,sm_a,Soil moisture anomaly,3,-0.027199168228317794,129,129,0.027199168228317794,Soil moisture t-3
29861,tsmp_wtda,TSMP wtda,1,-0.02355888825217267,85,85,0.02355888825217267,TSMP wtda t-1
29861,tsmp_wtda,TSMP wtda,2,0.03574366643112672,85,85,0.03574366643112672,TSMP wtda t-2
29861,tsmp_wtda,TSMP wtda,3,0.1380165881129511,85,85,0.1380165881129511,TSMP wtda t-3
29861,pr_a,Precipitation anomaly,1,0.017521227863353524,85,85,0.017521227863353524,Precipitation t-1
29861,pr_a,Precipitation anomaly,2,-0.04254509951725722,85,85,0.04254509951725722,Precipitation t-2
29861,pr_a,Precipitation anomaly,3,-0.05660152127955548,85,85,0.05660152127955548,Precipitation t-3
29861,sm_a,Soil moisture anomaly,1,0.001806703694205567,85,85,0.001806703694205567,Soil moisture t-1
29861,sm_a,Soil moisture anomaly,2,0.006315456611160514,85,85,0.006315456611160514,Soil moisture t-2
29861,sm_a,Soil moisture anomaly,3,-0.0897325734669887,85,85,0.0897325734669887,Soil moisture t-3
29908,tsmp_wtda,TSMP wtda,1,-0.052400805444131345,121,121,0.052400805444131345,TSMP wtda t-1
29908,tsmp_wtda,TSMP wtda,2,0.013437225547990926,121,121,0.013437225547990926,TSMP wtda t-2
29908,tsmp_wtda,TSMP wtda,3,0.110019129395863,121,121,0.110019129395863,TSMP wtda t-3
29908,pr_a,Precipitation anomaly,1,0.0671295313407725,121,121,0.0671295313407725,Precipitation t-1
29908,pr_a,Precipitation anomaly,2,0.11095852668951882,121,121,0.11095852668951882,Precipitation t-2
29908,pr_a,Precipitation anomaly,3,0.12529810535216224,121,121,0.12529810535216224,Precipitation t-3
29908,sm_a,Soil moisture anomaly,1,0.0610558413450958,121,121,0.0610558413450958,Soil moisture t-1
29908,sm_a,Soil moisture anomaly,2,-0.138688002694113,121,121,0.138688002694113,Soil moisture t-2
29908,sm_a,Soil moisture anomaly,3,-0.2068117617499693,121,121,0.2068117617499693,Soil moisture t-3
29909,tsmp_wtda,TSMP wtda,1,-0.13523058209922267,45,45,0.13523058209922267,TSMP wtda t-1
29909,tsmp_wtda,TSMP wtda,2,-0.10750533518938366,45,45,0.10750533518938366,TSMP wtda t-2
29909,tsmp_wtda,TSMP wtda,3,-0.3205234006072614,45,45,0.3205234006072614,TSMP wtda t-3
29909,pr_a,Precipitation anomaly,1,-0.17169424381818846,45,45,0.17169424381818846,Precipitation t-1
29909,pr_a,Precipitation anomaly,2,-0.10626225047622496,45,45,0.10626225047622496,Precipitation t-2
29909,pr_a,Precipitation anomaly,3,-0.08779302157608115,45,45,0.08779302157608115,Precipitation t-3
29909,sm_a,Soil moisture anomaly,1,0.023871628850997747,45,45,0.023871628850997747,Soil moisture t-1
29909,sm_a,Soil moisture anomaly,2,0.2666387775737217,45,45,0.2666387775737217,Soil moisture t-2
29909,sm_a,Soil moisture anomaly,3,0.13416214861087306,45,45,0.13416214861087306,Soil moisture t-3
29931,tsmp_wtda,TSMP wtda,1,-0.11357405898677916,152,152,0.11357405898677916,TSMP wtda t-1
29931,tsmp_wtda,TSMP wtda,2,-0.08924609816431482,152,152,0.08924609816431482,TSMP wtda t-2
29931,tsmp_wtda,TSMP wtda,3,0.003442621165012292,152,152,0.003442621165012292,TSMP wtda t-3
29931,pr_a,Precipitation anomaly,1,-0.253574489120888,152,152,0.253574489120888,Precipitation t-1
29931,pr_a,Precipitation anomaly,2,-0.04293242422386695,152,152,0.04293242422386695,Precipitation t-2
29931,pr_a,Precipitation anomaly,3,-0.01925202998361418,152,152,0.01925202998361418,Precipitation t-3
29931,sm_a,Soil moisture anomaly,1,0.09159931518971777,152,152,0.09159931518971777,Soil moisture t-1
29931,sm_a,Soil moisture anomaly,2,0.09504169981909161,152,152,0.09504169981909161,Soil moisture t-2
29931,sm_a,Soil moisture anomaly,3,0.1111933116199951,152,152,0.1111933116199951,Soil moisture t-3
29961,tsmp_wtda,TSMP wtda,1,0.056757593184478615,142,142,0.056757593184478615,TSMP wtda t-1
29961,tsmp_wtda,TSMP wtda,2,0.09271536024009533,142,142,0.09271536024009533,TSMP wtda t-2
29961,tsmp_wtda,TSMP wtda,3,0.12230410674333003,142,142,0.12230410674333003,TSMP wtda t-3
29961,pr_a,Precipitation anomaly,1,-0.4189533661658867,142,142,0.4189533661658867,Precipitation t-1
29961,pr_a,Precipitation anomaly,2,-0.19574341393378586,142,142,0.19574341393378586,Precipitation t-2
29961,pr_a,Precipitation anomaly,3,-0.23437034834240217,142,142,0.23437034834240217,Precipitation t-3
29961,sm_a,Soil moisture anomaly,1,-0.014214014536150702,142,142,0.014214014536150702,Soil moisture t-1
29961,sm_a,Soil moisture anomaly,2,-0.11040363352880928,142,142,0.11040363352880928,Soil moisture t-2
29961,sm_a,Soil moisture anomaly,3,-0.14618327769564785,142,142,0.14618327769564785,Soil moisture t-3
29971,tsmp_wtda,TSMP wtda,1,0.09389692577853782,43,43,0.09389692577853782,TSMP wtda t-1
29971,tsmp_wtda,TSMP wtda,2,-0.032782580494484174,43,43,0.032782580494484174,TSMP wtda t-2
29971,tsmp_wtda,TSMP wtda,3,0.11094883886837376,43,43,0.11094883886837376,TSMP wtda t-3
29971,pr_a,Precipitation anomaly,1,0.10398057259376879,43,43,0.10398057259376879,Precipitation t-1
29971,pr_a,Precipitation anomaly,2,0.01918176063405833,43,43,0.01918176063405833,Precipitation t-2
29971,pr_a,Precipitation anomaly,3,0.17072701076089128,43,43,0.17072701076089128,Precipitation t-3
29971,sm_a,Soil moisture anomaly,1,-0.2513198399786204,43,43,0.2513198399786204,Soil moisture t-1
29971,sm_a,Soil moisture anomaly,2,0.05147435198494426,43,43,0.05147435198494426,Soil moisture t-2
29971,sm_a,Soil moisture anomaly,3,-0.21980086704020863,43,43,0.21980086704020863,Soil moisture t-3
29982,tsmp_wtda,TSMP wtda,1,-0.12386354169264653,127,127,0.12386354169264653,TSMP wtda t-1
29982,tsmp_wtda,TSMP wtda,2,-0.08122384698601214,127,127,0.08122384698601214,TSMP wtda t-2
29982,tsmp_wtda,TSMP wtda,3,-0.15304096529502736,127,127,0.15304096529502736,TSMP wtda t-3
29982,pr_a,Precipitation anomaly,1,-0.10790843530178851,127,127,0.10790843530178851,Precipitation t-1
29982,pr_a,Precipitation anomaly,2,-0.06698760225534156,127,127,0.06698760225534156,Precipitation t-2
29982,pr_a,Precipitation anomaly,3,-0.06592180127493606,127,127,0.06592180127493606,Precipitation t-3
29982,sm_a,Soil moisture anomaly,1,0.16362102525152666,127,127,0.16362102525152666,Soil moisture t-1
29982,sm_a,Soil moisture anomaly,2,0.27327687854185223,127,127,0.27327687854185223,Soil moisture t-2
29982,sm_a,Soil moisture anomaly,3,0.2876800455169273,127,127,0.2876800455169273,Soil moisture t-3
29997,tsmp_wtda,TSMP wtda,1,-0.5664813182383867,28,28,0.5664813182383867,TSMP wtda t-1
29997,tsmp_wtda,TSMP wtda,2,-0.5661709575479011,28,28,0.5661709575479011,TSMP wtda t-2
29997,tsmp_wtda,TSMP wtda,3,-0.5108654404326978,28,28,0.5108654404326978,TSMP wtda t-3
29997,pr_a,Precipitation anomaly,1,0.4571467243032277,28,28,0.4571467243032277,Precipitation t-1
29997,pr_a,Precipitation anomaly,2,0.2885687654804214,28,28,0.2885687654804214,Precipitation t-2
29997,pr_a,Precipitation anomaly,3,0.3755741006496492,28,28,0.3755741006496492,Precipitation t-3
29997,sm_a,Soil moisture anomaly,1,0.28383863310075647,28,28,0.28383863310075647,Soil moisture t-1
29997,sm_a,Soil moisture anomaly,2,0.1583909007562031,28,28,0.1583909007562031,Soil moisture t-2
29997,sm_a,Soil moisture anomaly,3,0.166123578487076,28,28,0.166123578487076,Soil moisture t-3
30035,tsmp_wtda,TSMP wtda,1,-0.13299089401431788,125,125,0.13299089401431788,TSMP wtda t-1
30035,tsmp_wtda,TSMP wtda,2,-0.05360827162849051,125,125,0.05360827162849051,TSMP wtda t-2
30035,tsmp_wtda,TSMP wtda,3,-0.047595363938199166,125,125,0.047595363938199166,TSMP wtda t-3
30035,pr_a,Precipitation anomaly,1,-0.016755741507094187,125,125,0.016755741507094187,Precipitation t-1
30035,pr_a,Precipitation anomaly,2,0.17198633132314756,125,125,0.17198633132314756,Precipitation t-2
30035,pr_a,Precipitation anomaly,3,0.08899919281462121,125,125,0.08899919281462121,Precipitation t-3
30035,sm_a,Soil moisture anomaly,1,0.19947100383581856,125,125,0.19947100383581856,Soil moisture t-1
30035,sm_a,Soil moisture anomaly,2,0.05864542576470192,125,125,0.05864542576470192,Soil moisture t-2
30035,sm_a,Soil moisture anomaly,3,0.08821233301412316,125,125,0.08821233301412316,Soil moisture t-3
30066,tsmp_wtda,TSMP wtda,1,-0.07661320436743627,178,178,0.07661320436743627,TSMP wtda t-1
30066,tsmp_wtda,TSMP wtda,2,0.03233583035498216,178,178,0.03233583035498216,TSMP wtda t-2
30066,tsmp_wtda,TSMP wtda,3,0.013958212401172508,178,178,0.013958212401172508,TSMP wtda t-3
30066,pr_a,Precipitation anomaly,1,0.06673816190814083,178,178,0.06673816190814083,Precipitation t-1
30066,pr_a,Precipitation anomaly,2,0.045914258020795316,178,178,0.045914258020795316,Precipitation t-2
30066,pr_a,Precipitation anomaly,3,0.050206878370599964,178,178,0.050206878370599964,Precipitation t-3
30066,sm_a,Soil moisture anomaly,1,-0.10693599853592907,178,178,0.10693599853592907,Soil moisture t-1
30066,sm_a,Soil moisture anomaly,2,-0.09269445539442599,178,178,0.09269445539442599,Soil moisture t-2
30066,sm_a,Soil moisture anomaly,3,-0.12120955488161173,178,178,0.12120955488161173,Soil moisture t-3
30104,tsmp_wtda,TSMP wtda,1,-0.02431617545020524,125,125,0.02431617545020524,TSMP wtda t-1
30104,tsmp_wtda,TSMP wtda,2,-0.09417418397428402,125,125,0.09417418397428402,TSMP wtda t-2
30104,tsmp_wtda,TSMP wtda,3,-0.1549828249960099,125,125,0.1549828249960099,TSMP wtda t-3
30104,pr_a,Precipitation anomaly,1,-0.17188494118777595,125,125,0.17188494118777595,Precipitation t-1
30104,pr_a,Precipitation anomaly,2,-0.045547848074038395,125,125,0.045547848074038395,Precipitation t-2
30104,pr_a,Precipitation anomaly,3,0.0018270033397744104,125,125,0.0018270033397744104,Precipitation t-3
30104,sm_a,Soil moisture anomaly,1,0.08210466411969368,125,125,0.08210466411969368,Soil moisture t-1
30104,sm_a,Soil moisture anomaly,2,0.17954365940557399,125,125,0.17954365940557399,Soil moisture t-2
30104,sm_a,Soil moisture anomaly,3,0.1205907765561194,125,125,0.1205907765561194,Soil moisture t-3
30225,tsmp_wtda,TSMP wtda,1,0.11827308437411434,119,119,0.11827308437411434,TSMP wtda t-1
30225,tsmp_wtda,TSMP wtda,2,0.18441191294582748,119,119,0.18441191294582748,TSMP wtda t-2
30225,tsmp_wtda,TSMP wtda,3,0.081124323489231,119,119,0.081124323489231,TSMP wtda t-3
30225,pr_a,Precipitation anomaly,1,-0.07092151387703192,119,119,0.07092151387703192,Precipitation t-1
30225,pr_a,Precipitation anomaly,2,0.06573249354474914,119,119,0.06573249354474914,Precipitation t-2
30225,pr_a,Precipitation anomaly,3,0.02926192938559876,119,119,0.02926192938559876,Precipitation t-3
30225,sm_a,Soil moisture anomaly,1,0.080470740085539,119,119,0.080470740085539,Soil moisture t-1
30225,sm_a,Soil moisture anomaly,2,-0.04446900624998955,119,119,0.04446900624998955,Soil moisture t-2
30225,sm_a,Soil moisture anomaly,3,-0.06713929264091398,119,119,0.06713929264091398,Soil moisture t-3
30247,tsmp_wtda,TSMP wtda,1,0.04772978285621744,82,82,0.04772978285621744,TSMP wtda t-1
30247,tsmp_wtda,TSMP wtda,2,0.12584545874771427,82,82,0.12584545874771427,TSMP wtda t-2
30247,tsmp_wtda,TSMP wtda,3,0.17228981475876703,82,82,0.17228981475876703,TSMP wtda t-3
30247,pr_a,Precipitation anomaly,1,-0.02285638225613479,82,82,0.02285638225613479,Precipitation t-1
30247,pr_a,Precipitation anomaly,2,0.22641293232551615,82,82,0.22641293232551615,Precipitation t-2
30247,pr_a,Precipitation anomaly,3,0.19613099964733297,82,82,0.19613099964733297,Precipitation t-3
30247,sm_a,Soil moisture anomaly,1,0.13665221943419245,82,82,0.13665221943419245,Soil moisture t-1
30247,sm_a,Soil moisture anomaly,2,-0.05265517668818958,82,82,0.05265517668818958,Soil moisture t-2
30247,sm_a,Soil moisture anomaly,3,0.010468462172161463,82,82,0.010468462172161463,Soil moisture t-3
30249,tsmp_wtda,TSMP wtda,1,-0.23435278460331405,110,110,0.23435278460331405,TSMP wtda t-1
30249,tsmp_wtda,TSMP wtda,2,-0.1828333986928278,110,110,0.1828333986928278,TSMP wtda t-2
30249,tsmp_wtda,TSMP wtda,3,-0.2792615695865274,110,110,0.2792615695865274,TSMP wtda t-3
30249,pr_a,Precipitation anomaly,1,-0.09299710343149561,110,110,0.09299710343149561,Precipitation t-1
30249,pr_a,Precipitation anomaly,2,-0.07132268000142127,110,110,0.07132268000142127,Precipitation t-2
30249,pr_a,Precipitation anomaly,3,-0.12223542387641298,110,110,0.12223542387641298,Precipitation t-3
30249,sm_a,Soil moisture anomaly,1,0.11255191336104552,110,110,0.11255191336104552,Soil moisture t-1
30249,sm_a,Soil moisture anomaly,2,0.14810117282773677,110,110,0.14810117282773677,Soil moisture t-2
30249,sm_a,Soil moisture anomaly,3,0.08918406497281899,110,110,0.08918406497281899,Soil moisture t-3
30265,tsmp_wtda,TSMP wtda,1,0.13664830455056812,150,150,0.13664830455056812,TSMP wtda t-1
30265,tsmp_wtda,TSMP wtda,2,0.09522056527201272,150,150,0.09522056527201272,TSMP wtda t-2
30265,tsmp_wtda,TSMP wtda,3,0.016902000435321803,150,150,0.016902000435321803,TSMP wtda t-3
30265,pr_a,Precipitation anomaly,1,-0.22956752767195715,150,150,0.22956752767195715,Precipitation t-1
30265,pr_a,Precipitation anomaly,2,-0.06374288615549079,150,150,0.06374288615549079,Precipitation t-2
30265,pr_a,Precipitation anomaly,3,-0.09312797918001706,150,150,0.09312797918001706,Precipitation t-3
30265,sm_a,Soil moisture anomaly,1,-0.024425272064168835,150,150,0.024425272064168835,Soil moisture t-1
30265,sm_a,Soil moisture anomaly,2,0.1413464999654203,150,150,0.1413464999654203,Soil moisture t-2
30265,sm_a,Soil moisture anomaly,3,0.19656607356378866,150,150,0.19656607356378866,Soil moisture t-3
30341,tsmp_wtda,TSMP wtda,1,-0.3308371494830155,119,119,0.3308371494830155,TSMP wtda t-1
30341,tsmp_wtda,TSMP wtda,2,-0.3515848096466461,119,119,0.3515848096466461,TSMP wtda t-2
30341,tsmp_wtda,TSMP wtda,3,-0.41562831783208387,119,119,0.41562831783208387,TSMP wtda t-3
30341,pr_a,Precipitation anomaly,1,-0.17462360917474445,119,119,0.17462360917474445,Precipitation t-1
30341,pr_a,Precipitation anomaly,2,-0.18705714701398735,119,119,0.18705714701398735,Precipitation t-2
30341,pr_a,Precipitation anomaly,3,-0.18073257484935001,119,119,0.18073257484935001,Precipitation t-3
30341,sm_a,Soil moisture anomaly,1,0.21061054083289352,119,119,0.21061054083289352,Soil moisture t-1
30341,sm_a,Soil moisture anomaly,2,0.10365506459062546,119,119,0.10365506459062546,Soil moisture t-2
30341,sm_a,Soil moisture anomaly,3,0.12198819954343681,119,119,0.12198819954343681,Soil moisture t-3
30380,tsmp_wtda,TSMP wtda,1,0.08256975522081551,65,65,0.08256975522081551,TSMP wtda t-1
30380,tsmp_wtda,TSMP wtda,2,0.05525937313075306,65,65,0.05525937313075306,TSMP wtda t-2
30380,tsmp_wtda,TSMP wtda,3,0.09110288850100111,65,65,0.09110288850100111,TSMP wtda t-3
30380,pr_a,Precipitation anomaly,1,-0.06442091287260919,65,65,0.06442091287260919,Precipitation t-1
30380,pr_a,Precipitation anomaly,2,0.0006235278578084855,65,65,0.0006235278578084855,Precipitation t-2
30380,pr_a,Precipitation anomaly,3,0.05138149793695756,65,65,0.05138149793695756,Precipitation t-3
30380,sm_a,Soil moisture anomaly,1,-0.012725940170331821,65,65,0.012725940170331821,Soil moisture t-1
30380,sm_a,Soil moisture anomaly,2,-0.05110947295082605,65,65,0.05110947295082605,Soil moisture t-2
30380,sm_a,Soil moisture anomaly,3,-0.05525561042207119,65,65,0.05525561042207119,Soil moisture t-3
30385,tsmp_wtda,TSMP wtda,1,-0.07064805108785888,120,120,0.07064805108785888,TSMP wtda t-1
30385,tsmp_wtda,TSMP wtda,2,-0.12247205696983492,120,120,0.12247205696983492,TSMP wtda t-2
30385,tsmp_wtda,TSMP wtda,3,-0.06489611586098494,120,120,0.06489611586098494,TSMP wtda t-3
30385,pr_a,Precipitation anomaly,1,0.15150263920806661,120,120,0.15150263920806661,Precipitation t-1
30385,pr_a,Precipitation anomaly,2,0.13019152443890786,120,120,0.13019152443890786,Precipitation t-2
30385,pr_a,Precipitation anomaly,3,0.10879870045110945,120,120,0.10879870045110945,Precipitation t-3
30385,sm_a,Soil moisture anomaly,1,0.10056281893343559,120,120,0.10056281893343559,Soil moisture t-1
30385,sm_a,Soil moisture anomaly,2,0.08692572852470479,120,120,0.08692572852470479,Soil moisture t-2
30385,sm_a,Soil moisture anomaly,3,0.14111443680164806,120,120,0.14111443680164806,Soil moisture t-3
30425,tsmp_wtda,TSMP wtda,1,0.06027915525658357,127,127,0.06027915525658357,TSMP wtda t-1
30425,tsmp_wtda,TSMP wtda,2,0.17903282991080213,127,127,0.17903282991080213,TSMP wtda t-2
30425,tsmp_wtda,TSMP wtda,3,0.19173993933673195,127,127,0.19173993933673195,TSMP wtda t-3
30425,pr_a,Precipitation anomaly,1,-0.004299741055451542,127,127,0.004299741055451542,Precipitation t-1
30425,pr_a,Precipitation anomaly,2,0.09732491252476064,127,127,0.09732491252476064,Precipitation t-2
30425,pr_a,Precipitation anomaly,3,0.09269486909713424,127,127,0.09269486909713424,Precipitation t-3
30425,sm_a,Soil moisture anomaly,1,-0.022238392372614307,127,127,0.022238392372614307,Soil moisture t-1
30425,sm_a,Soil moisture anomaly,2,-0.06949189373958521,127,127,0.06949189373958521,Soil moisture t-2
30425,sm_a,Soil moisture anomaly,3,-0.03563014881410728,127,127,0.03563014881410728,Soil moisture t-3
30427,tsmp_wtda,TSMP wtda,1,-0.0961295837648341,126,126,0.0961295837648341,TSMP wtda t-1
30427,tsmp_wtda,TSMP wtda,2,-0.1102476930004286,126,126,0.1102476930004286,TSMP wtda t-2
30427,tsmp_wtda,TSMP wtda,3,-0.10599661986686072,126,126,0.10599661986686072,TSMP wtda t-3
30427,pr_a,Precipitation anomaly,1,-0.030176056852993998,126,126,0.030176056852993998,Precipitation t-1
30427,pr_a,Precipitation anomaly,2,0.1672511425667284,126,126,0.1672511425667284,Precipitation t-2
30427,pr_a,Precipitation anomaly,3,0.0802072604972169,126,126,0.0802072604972169,Precipitation t-3
30427,sm_a,Soil moisture anomaly,1,0.2039040155957901,126,126,0.2039040155957901,Soil moisture t-1
30427,sm_a,Soil moisture anomaly,2,0.224043031672306,126,126,0.224043031672306,Soil moisture t-2
30427,sm_a,Soil moisture anomaly,3,0.13228385228623718,126,126,0.13228385228623718,Soil moisture t-3
30474,tsmp_wtda,TSMP wtda,1,-0.12519152516725932,139,139,0.12519152516725932,TSMP wtda t-1
30474,tsmp_wtda,TSMP wtda,2,-0.0007475950960695542,139,139,0.0007475950960695542,TSMP wtda t-2
30474,tsmp_wtda,TSMP wtda,3,0.03128856801786489,139,139,0.03128856801786489,TSMP wtda t-3
30474,pr_a,Precipitation anomaly,1,0.18409566418031773,139,139,0.18409566418031773,Precipitation t-1
30474,pr_a,Precipitation anomaly,2,0.21643999867133168,139,139,0.21643999867133168,Precipitation t-2
30474,pr_a,Precipitation anomaly,3,0.096452723608389,139,139,0.096452723608389,Precipitation t-3
30474,sm_a,Soil moisture anomaly,1,0.08000716994433343,139,139,0.08000716994433343,Soil moisture t-1
30474,sm_a,Soil moisture anomaly,2,0.028669524841741165,139,139,0.028669524841741165,Soil moisture t-2
30474,sm_a,Soil moisture anomaly,3,0.08456596295174856,139,139,0.08456596295174856,Soil moisture t-3
30578,tsmp_wtda,TSMP wtda,1,-0.02160489269495068,151,151,0.02160489269495068,TSMP wtda t-1
30578,tsmp_wtda,TSMP wtda,2,-0.07463205387019506,151,151,0.07463205387019506,TSMP wtda t-2
30578,tsmp_wtda,TSMP wtda,3,0.01739298912205759,151,151,0.01739298912205759,TSMP wtda t-3
30578,pr_a,Precipitation anomaly,1,-0.11527414601870399,151,151,0.11527414601870399,Precipitation t-1
30578,pr_a,Precipitation anomaly,2,-0.012767132186811721,151,151,0.012767132186811721,Precipitation t-2
30578,pr_a,Precipitation anomaly,3,0.05774980516735472,151,151,0.05774980516735472,Precipitation t-3
30578,sm_a,Soil moisture anomaly,1,0.0637813069386367,151,151,0.0637813069386367,Soil moisture t-1
30578,sm_a,Soil moisture anomaly,2,0.09559631853729282,151,151,0.09559631853729282,Soil moisture t-2
30578,sm_a,Soil moisture anomaly,3,0.04854945573811043,151,151,0.04854945573811043,Soil moisture t-3
30586,tsmp_wtda,TSMP wtda,1,0.08192407527412178,147,147,0.08192407527412178,TSMP wtda t-1
30586,tsmp_wtda,TSMP wtda,2,0.07520638861679839,147,147,0.07520638861679839,TSMP wtda t-2
30586,tsmp_wtda,TSMP wtda,3,0.129624805083286,147,147,0.129624805083286,TSMP wtda t-3
30586,pr_a,Precipitation anomaly,1,-0.33408040418932683,147,147,0.33408040418932683,Precipitation t-1
30586,pr_a,Precipitation anomaly,2,-0.13437877725751818,147,147,0.13437877725751818,Precipitation t-2
30586,pr_a,Precipitation anomaly,3,-0.19934498552841873,147,147,0.19934498552841873,Precipitation t-3
30586,sm_a,Soil moisture anomaly,1,-0.06251616088093614,147,147,0.06251616088093614,Soil moisture t-1
30586,sm_a,Soil moisture anomaly,2,0.04488438349750612,147,147,0.04488438349750612,Soil moisture t-2
30586,sm_a,Soil moisture anomaly,3,0.033846618686368034,147,147,0.033846618686368034,Soil moisture t-3
30638,tsmp_wtda,TSMP wtda,1,0.2132698204380879,64,64,0.2132698204380879,TSMP wtda t-1
30638,tsmp_wtda,TSMP wtda,2,0.23593576858280685,64,64,0.23593576858280685,TSMP wtda t-2
30638,tsmp_wtda,TSMP wtda,3,0.2648613309680787,64,64,0.2648613309680787,TSMP wtda t-3
30638,pr_a,Precipitation anomaly,1,0.3444664292270889,64,64,0.3444664292270889,Precipitation t-1
30638,pr_a,Precipitation anomaly,2,0.22780829997892377,64,64,0.22780829997892377,Precipitation t-2
30638,pr_a,Precipitation anomaly,3,0.2537187783757589,64,64,0.2537187783757589,Precipitation t-3
30638,sm_a,Soil moisture anomaly,1,-0.09757495471493767,64,64,0.09757495471493767,Soil moisture t-1
30638,sm_a,Soil moisture anomaly,2,-0.09503819945021777,64,64,0.09503819945021777,Soil moisture t-2
30638,sm_a,Soil moisture anomaly,3,-0.1138170712169938,64,64,0.1138170712169938,Soil moisture t-3
30656,tsmp_wtda,TSMP wtda,1,0.2056569491612844,106,106,0.2056569491612844,TSMP wtda t-1
30656,tsmp_wtda,TSMP wtda,2,0.20720782976487712,106,106,0.20720782976487712,TSMP wtda t-2
30656,tsmp_wtda,TSMP wtda,3,0.15604786500859408,106,106,0.15604786500859408,TSMP wtda t-3
30656,pr_a,Precipitation anomaly,1,0.06958562556468391,106,106,0.06958562556468391,Precipitation t-1
30656,pr_a,Precipitation anomaly,2,-0.030820425816734776,106,106,0.030820425816734776,Precipitation t-2
30656,pr_a,Precipitation anomaly,3,0.025202875144946072,106,106,0.025202875144946072,Precipitation t-3
30656,sm_a,Soil moisture anomaly,1,-0.0444218648616354,106,106,0.0444218648616354,Soil moisture t-1
30656,sm_a,Soil moisture anomaly,2,-0.013012396354404085,106,106,0.013012396354404085,Soil moisture t-2
30656,sm_a,Soil moisture anomaly,3,-0.08590209328877421,106,106,0.08590209328877421,Soil moisture t-3
30760,tsmp_wtda,TSMP wtda,1,0.2507043557758731,131,131,0.2507043557758731,TSMP wtda t-1
30760,tsmp_wtda,TSMP wtda,2,0.20524809685864398,131,131,0.20524809685864398,TSMP wtda t-2
30760,tsmp_wtda,TSMP wtda,3,0.1862931996005091,131,131,0.1862931996005091,TSMP wtda t-3
30760,pr_a,Precipitation anomaly,1,0.10206250265514608,131,131,0.10206250265514608,Precipitation t-1
30760,pr_a,Precipitation anomaly,2,0.08967972411015925,131,131,0.08967972411015925,Precipitation t-2
30760,pr_a,Precipitation anomaly,3,0.09877500992360522,131,131,0.09877500992360522,Precipitation t-3
30760,sm_a,Soil moisture anomaly,1,-0.018214543344589256,131,131,0.018214543344589256,Soil moisture t-1
30760,sm_a,Soil moisture anomaly,2,-0.21942116762738825,131,131,0.21942116762738825,Soil moisture t-2
30760,sm_a,Soil moisture anomaly,3,-0.29475649342995885,131,131,0.29475649342995885,Soil moisture t-3
30788,tsmp_wtda,TSMP wtda,1,0.18968720767409286,80,80,0.18968720767409286,TSMP wtda t-1
30788,tsmp_wtda,TSMP wtda,2,0.22745003625189383,80,80,0.22745003625189383,TSMP wtda t-2
30788,tsmp_wtda,TSMP wtda,3,0.14736340535845174,80,80,0.14736340535845174,TSMP wtda t-3
30788,pr_a,Precipitation anomaly,1,-0.41242597001561,80,80,0.41242597001561,Precipitation t-1
30788,pr_a,Precipitation anomaly,2,-0.17455843000877636,80,80,0.17455843000877636,Precipitation t-2
30788,pr_a,Precipitation anomaly,3,0.04288222698569593,80,80,0.04288222698569593,Precipitation t-3
30788,sm_a,Soil moisture anomaly,1,0.0664579799372244,80,80,0.0664579799372244,Soil moisture t-1
30788,sm_a,Soil moisture anomaly,2,-0.06752129638828852,80,80,0.06752129638828852,Soil moisture t-2
30788,sm_a,Soil moisture anomaly,3,-0.047834527447453944,80,80,0.047834527447453944,Soil moisture t-3
30795,tsmp_wtda,TSMP wtda,1,-0.058511770445277715,135,135,0.058511770445277715,TSMP wtda t-1
30795,tsmp_wtda,TSMP wtda,2,-0.003859872931476408,135,135,0.003859872931476408,TSMP wtda t-2
30795,tsmp_wtda,TSMP wtda,3,0.1008590664855555,135,135,0.1008590664855555,TSMP wtda t-3
30795,pr_a,Precipitation anomaly,1,0.12316940060996102,135,135,0.12316940060996102,Precipitation t-1
30795,pr_a,Precipitation anomaly,2,0.3836380710455019,135,135,0.3836380710455019,Precipitation t-2
30795,pr_a,Precipitation anomaly,3,0.2738367362691926,135,135,0.2738367362691926,Precipitation t-3
30795,sm_a,Soil moisture anomaly,1,0.15113053518165506,135,135,0.15113053518165506,Soil moisture t-1
30795,sm_a,Soil moisture anomaly,2,0.00952152715320306,135,135,0.00952152715320306,Soil moisture t-2
30795,sm_a,Soil moisture anomaly,3,-0.010171735208407851,135,135,0.010171735208407851,Soil moisture t-3
30808,tsmp_wtda,TSMP wtda,1,-0.13297922470738535,119,119,0.13297922470738535,TSMP wtda t-1
30808,tsmp_wtda,TSMP wtda,2,-0.12124295657820139,119,119,0.12124295657820139,TSMP wtda t-2
30808,tsmp_wtda,TSMP wtda,3,-0.11069732705998298,119,119,0.11069732705998298,TSMP wtda t-3
30808,pr_a,Precipitation anomaly,1,-0.0519940209538894,119,119,0.0519940209538894,Precipitation t-1
30808,pr_a,Precipitation anomaly,2,0.014037342969915215,119,119,0.014037342969915215,Precipitation t-2
30808,pr_a,Precipitation anomaly,3,-0.062426423354902706,119,119,0.062426423354902706,Precipitation t-3
30808,sm_a,Soil moisture anomaly,1,0.10952332945871629,119,119,0.10952332945871629,Soil moisture t-1
30808,sm_a,Soil moisture anomaly,2,0.05185810826949369,119,119,0.05185810826949369,Soil moisture t-2
30808,sm_a,Soil moisture anomaly,3,0.039564470156652966,119,119,0.039564470156652966,Soil moisture t-3
30832,tsmp_wtda,TSMP wtda,1,0.008046202820068208,121,121,0.008046202820068208,TSMP wtda t-1
30832,tsmp_wtda,TSMP wtda,2,-0.06882292060909317,121,121,0.06882292060909317,TSMP wtda t-2
30832,tsmp_wtda,TSMP wtda,3,-0.12896042485887102,121,121,0.12896042485887102,TSMP wtda t-3
30832,pr_a,Precipitation anomaly,1,0.058164374660697814,121,121,0.058164374660697814,Precipitation t-1
30832,pr_a,Precipitation anomaly,2,0.08718960924586729,121,121,0.08718960924586729,Precipitation t-2
30832,pr_a,Precipitation anomaly,3,-0.02056665514203973,121,121,0.02056665514203973,Precipitation t-3
30832,sm_a,Soil moisture anomaly,1,0.03307865728017981,121,121,0.03307865728017981,Soil moisture t-1
30832,sm_a,Soil moisture anomaly,2,-0.023974246401747577,121,121,0.023974246401747577,Soil moisture t-2
30832,sm_a,Soil moisture anomaly,3,-0.09368574156697113,121,121,0.09368574156697113,Soil moisture t-3
30868,tsmp_wtda,TSMP wtda,1,-0.16344070963674664,132,132,0.16344070963674664,TSMP wtda t-1
30868,tsmp_wtda,TSMP wtda,2,-0.1042911231901273,132,132,0.1042911231901273,TSMP wtda t-2
30868,tsmp_wtda,TSMP wtda,3,-0.09940837719834095,132,132,0.09940837719834095,TSMP wtda t-3
30868,pr_a,Precipitation anomaly,1,-0.08681480461879378,132,132,0.08681480461879378,Precipitation t-1
30868,pr_a,Precipitation anomaly,2,0.03378151571635582,132,132,0.03378151571635582,Precipitation t-2
30868,pr_a,Precipitation anomaly,3,-0.014551290120885825,132,132,0.014551290120885825,Precipitation t-3
30868,sm_a,Soil moisture anomaly,1,0.18562062618652794,132,132,0.18562062618652794,Soil moisture t-1
30868,sm_a,Soil moisture anomaly,2,0.13297729402292444,132,132,0.13297729402292444,Soil moisture t-2
30868,sm_a,Soil moisture anomaly,3,0.12364175240101155,132,132,0.12364175240101155,Soil moisture t-3
30919,tsmp_wtda,TSMP wtda,1,-0.0798088061593897,109,109,0.0798088061593897,TSMP wtda t-1
30919,tsmp_wtda,TSMP wtda,2,-0.09957099572659593,109,109,0.09957099572659593,TSMP wtda t-2
30919,tsmp_wtda,TSMP wtda,3,-0.07214922426510188,109,109,0.07214922426510188,TSMP wtda t-3
30919,pr_a,Precipitation anomaly,1,0.05781546444594263,109,109,0.05781546444594263,Precipitation t-1
30919,pr_a,Precipitation anomaly,2,0.18249320452714246,109,109,0.18249320452714246,Precipitation t-2
30919,pr_a,Precipitation anomaly,3,0.24543669770777196,109,109,0.24543669770777196,Precipitation t-3
30919,sm_a,Soil moisture anomaly,1,0.10097625125023027,109,109,0.10097625125023027,Soil moisture t-1
30919,sm_a,Soil moisture anomaly,2,-0.0011501867222918358,109,109,0.0011501867222918358,Soil moisture t-2
30919,sm_a,Soil moisture anomaly,3,-0.06571259823652226,109,109,0.06571259823652226,Soil moisture t-3
30981,tsmp_wtda,TSMP wtda,1,0.36177699052270734,34,34,0.36177699052270734,TSMP wtda t-1
30981,tsmp_wtda,TSMP wtda,2,0.3672664004842859,34,34,0.3672664004842859,TSMP wtda t-2
30981,tsmp_wtda,TSMP wtda,3,0.3377158621389663,34,34,0.3377158621389663,TSMP wtda t-3
30981,pr_a,Precipitation anomaly,1,0.36047340945193584,34,34,0.36047340945193584,Precipitation t-1
30981,pr_a,Precipitation anomaly,2,0.044024850655054626,34,34,0.044024850655054626,Precipitation t-2
30981,pr_a,Precipitation anomaly,3,0.07840743261197455,34,34,0.07840743261197455,Precipitation t-3
30981,sm_a,Soil moisture anomaly,1,-0.08248989706708568,34,34,0.08248989706708568,Soil moisture t-1
30981,sm_a,Soil moisture anomaly,2,-0.3701777455223572,34,34,0.3701777455223572,Soil moisture t-2
30981,sm_a,Soil moisture anomaly,3,-0.6612458997024622,34,34,0.6612458997024622,Soil moisture t-3
31008,tsmp_wtda,TSMP wtda,1,0.01572328890942512,121,121,0.01572328890942512,TSMP wtda t-1
31008,tsmp_wtda,TSMP wtda,2,-0.008454178247656957,121,121,0.008454178247656957,TSMP wtda t-2
31008,tsmp_wtda,TSMP wtda,3,-0.043913364949895804,121,121,0.043913364949895804,TSMP wtda t-3
31008,pr_a,Precipitation anomaly,1,-0.05293395109355922,121,121,0.05293395109355922,Precipitation t-1
31008,pr_a,Precipitation anomaly,2,-0.05558554613185954,121,121,0.05558554613185954,Precipitation t-2
31008,pr_a,Precipitation anomaly,3,-0.10975463384485945,121,121,0.10975463384485945,Precipitation t-3
31008,sm_a,Soil moisture anomaly,1,-0.01831163862575763,121,121,0.01831163862575763,Soil moisture t-1
31008,sm_a,Soil moisture anomaly,2,-0.028225721315073296,121,121,0.028225721315073296,Soil moisture t-2
31008,sm_a,Soil moisture anomaly,3,-0.007088640856656956,121,121,0.007088640856656956,Soil moisture t-3
31022,tsmp_wtda,TSMP wtda,1,0.054854997857273,112,112,0.054854997857273,TSMP wtda t-1
31022,tsmp_wtda,TSMP wtda,2,0.028719637900519956,112,112,0.028719637900519956,TSMP wtda t-2
31022,tsmp_wtda,TSMP wtda,3,-0.0287552313803134,112,112,0.0287552313803134,TSMP wtda t-3
31022,pr_a,Precipitation anomaly,1,0.16786347340320137,112,112,0.16786347340320137,Precipitation t-1
31022,pr_a,Precipitation anomaly,2,0.28386026865596836,112,112,0.28386026865596836,Precipitation t-2
31022,pr_a,Precipitation anomaly,3,0.24753557673174034,112,112,0.24753557673174034,Precipitation t-3
31022,sm_a,Soil moisture anomaly,1,0.1197734306716208,112,112,0.1197734306716208,Soil moisture t-1
31022,sm_a,Soil moisture anomaly,2,-0.19651412285665623,112,112,0.19651412285665623,Soil moisture t-2
31022,sm_a,Soil moisture anomaly,3,-0.012848993618337178,112,112,0.012848993618337178,Soil moisture t-3
31032,tsmp_wtda,TSMP wtda,1,-0.09186411594286327,136,136,0.09186411594286327,TSMP wtda t-1
31032,tsmp_wtda,TSMP wtda,2,-0.03306134499397785,136,136,0.03306134499397785,TSMP wtda t-2
31032,tsmp_wtda,TSMP wtda,3,-0.07311059275520701,136,136,0.07311059275520701,TSMP wtda t-3
31032,pr_a,Precipitation anomaly,1,-0.01814516104172517,136,136,0.01814516104172517,Precipitation t-1
31032,pr_a,Precipitation anomaly,2,0.015031639128202722,136,136,0.015031639128202722,Precipitation t-2
31032,pr_a,Precipitation anomaly,3,-0.08460306972800716,136,136,0.08460306972800716,Precipitation t-3
31032,sm_a,Soil moisture anomaly,1,0.12023496163004427,136,136,0.12023496163004427,Soil moisture t-1
31032,sm_a,Soil moisture anomaly,2,-0.01746612824949226,136,136,0.01746612824949226,Soil moisture t-2
31032,sm_a,Soil moisture anomaly,3,-0.07781342306767708,136,136,0.07781342306767708,Soil moisture t-3
31064,tsmp_wtda,TSMP wtda,1,-0.2408451762783614,138,138,0.2408451762783614,TSMP wtda t-1
31064,tsmp_wtda,TSMP wtda,2,-0.15766503282640978,138,138,0.15766503282640978,TSMP wtda t-2
31064,tsmp_wtda,TSMP wtda,3,-0.14950610751046067,138,138,0.14950610751046067,TSMP wtda t-3
31064,pr_a,Precipitation anomaly,1,-0.18187260264910657,138,138,0.18187260264910657,Precipitation t-1
31064,pr_a,Precipitation anomaly,2,-0.04138849869502013,138,138,0.04138849869502013,Precipitation t-2
31064,pr_a,Precipitation anomaly,3,-0.18402382459960906,138,138,0.18402382459960906,Precipitation t-3
31064,sm_a,Soil moisture anomaly,1,0.09190200797038704,138,138,0.09190200797038704,Soil moisture t-1
31064,sm_a,Soil moisture anomaly,2,0.0953352616802561,138,138,0.0953352616802561,Soil moisture t-2
31064,sm_a,Soil moisture anomaly,3,-0.04874033864541896,138,138,0.04874033864541896,Soil moisture t-3
31247,tsmp_wtda,TSMP wtda,1,-0.08826003587353459,64,64,0.08826003587353459,TSMP wtda t-1
31247,tsmp_wtda,TSMP wtda,2,-0.04314744543922545,64,64,0.04314744543922545,TSMP wtda t-2
31247,tsmp_wtda,TSMP wtda,3,-0.17673235591525832,64,64,0.17673235591525832,TSMP wtda t-3
31247,pr_a,Precipitation anomaly,1,0.3241993284337405,64,64,0.3241993284337405,Precipitation t-1
31247,pr_a,Precipitation anomaly,2,0.4812901688196399,64,64,0.4812901688196399,Precipitation t-2
31247,pr_a,Precipitation anomaly,3,0.6410172557063049,64,64,0.6410172557063049,Precipitation t-3
31247,sm_a,Soil moisture anomaly,1,0.02155639059037163,64,64,0.02155639059037163,Soil moisture t-1
31247,sm_a,Soil moisture anomaly,2,0.3117177782498571,64,64,0.3117177782498571,Soil moisture t-2
31247,sm_a,Soil moisture anomaly,3,0.10039829389821193,64,64,0.10039829389821193,Soil moisture t-3
31257,tsmp_wtda,TSMP wtda,1,0.010618427094457691,146,146,0.010618427094457691,TSMP wtda t-1
31257,tsmp_wtda,TSMP wtda,2,0.10303993173927739,146,146,0.10303993173927739,TSMP wtda t-2
31257,tsmp_wtda,TSMP wtda,3,0.16294019734104484,146,146,0.16294019734104484,TSMP wtda t-3
31257,pr_a,Precipitation anomaly,1,-0.09686317879387922,146,146,0.09686317879387922,Precipitation t-1
31257,pr_a,Precipitation anomaly,2,-0.026012260423335442,146,146,0.026012260423335442,Precipitation t-2
31257,pr_a,Precipitation anomaly,3,0.005314801956605555,146,146,0.005314801956605555,Precipitation t-3
31257,sm_a,Soil moisture anomaly,1,0.02798042667948677,146,146,0.02798042667948677,Soil moisture t-1
31257,sm_a,Soil moisture anomaly,2,-0.0707853012323364,146,146,0.0707853012323364,Soil moisture t-2
31257,sm_a,Soil moisture anomaly,3,-0.1274879579709591,146,146,0.1274879579709591,Soil moisture t-3
31324,tsmp_wtda,TSMP wtda,1,-0.11493778903095773,165,165,0.11493778903095773,TSMP wtda t-1
31324,tsmp_wtda,TSMP wtda,2,-0.055114082592212434,165,165,0.055114082592212434,TSMP wtda t-2
31324,tsmp_wtda,TSMP wtda,3,-0.09826540767291651,165,165,0.09826540767291651,TSMP wtda t-3
31324,pr_a,Precipitation anomaly,1,-0.14280970501371504,165,165,0.14280970501371504,Precipitation t-1
31324,pr_a,Precipitation anomaly,2,0.13037532753373746,165,165,0.13037532753373746,Precipitation t-2
31324,pr_a,Precipitation anomaly,3,0.025244944943678387,165,165,0.025244944943678387,Precipitation t-3
31324,sm_a,Soil moisture anomaly,1,0.20788525838608954,165,165,0.20788525838608954,Soil moisture t-1
31324,sm_a,Soil moisture anomaly,2,0.20347489750617473,165,165,0.20347489750617473,Soil moisture t-2
31324,sm_a,Soil moisture anomaly,3,0.200053515460751,165,165,0.200053515460751,Soil moisture t-3
31343,tsmp_wtda,TSMP wtda,1,-0.008695994758913394,118,118,0.008695994758913394,TSMP wtda t-1
31343,tsmp_wtda,TSMP wtda,2,-0.047667394685742125,118,118,0.047667394685742125,TSMP wtda t-2
31343,tsmp_wtda,TSMP wtda,3,-0.012356587944449092,118,118,0.012356587944449092,TSMP wtda t-3
31343,pr_a,Precipitation anomaly,1,0.1189476204247572,118,118,0.1189476204247572,Precipitation t-1
31343,pr_a,Precipitation anomaly,2,0.15253998052708984,118,118,0.15253998052708984,Precipitation t-2
31343,pr_a,Precipitation anomaly,3,0.20572976437951868,118,118,0.20572976437951868,Precipitation t-3
31343,sm_a,Soil moisture anomaly,1,0.15607632088571297,118,118,0.15607632088571297,Soil moisture t-1
31343,sm_a,Soil moisture anomaly,2,-0.0010098123954684483,118,118,0.0010098123954684483,Soil moisture t-2
31343,sm_a,Soil moisture anomaly,3,-0.023424798160416246,118,118,0.023424798160416246,Soil moisture t-3
31403,tsmp_wtda,TSMP wtda,1,-0.003623054284496442,125,125,0.003623054284496442,TSMP wtda t-1
31403,tsmp_wtda,TSMP wtda,2,-0.03890377322252903,125,125,0.03890377322252903,TSMP wtda t-2
31403,tsmp_wtda,TSMP wtda,3,-0.04393681252184794,125,125,0.04393681252184794,TSMP wtda t-3
31403,pr_a,Precipitation anomaly,1,0.44682122180485595,125,125,0.44682122180485595,Precipitation t-1
31403,pr_a,Precipitation anomaly,2,0.19766048492172583,125,125,0.19766048492172583,Precipitation t-2
31403,pr_a,Precipitation anomaly,3,0.0020291361465828374,125,125,0.0020291361465828374,Precipitation t-3
31403,sm_a,Soil moisture anomaly,1,-0.12670374858231373,125,125,0.12670374858231373,Soil moisture t-1
31403,sm_a,Soil moisture anomaly,2,-0.04692497515550655,125,125,0.04692497515550655,Soil moisture t-2
31403,sm_a,Soil moisture anomaly,3,-0.11940069382514158,125,125,0.11940069382514158,Soil moisture t-3
31425,tsmp_wtda,TSMP wtda,1,-0.1684015716450801,141,141,0.1684015716450801,TSMP wtda t-1
31425,tsmp_wtda,TSMP wtda,2,-0.13456706360073678,141,141,0.13456706360073678,TSMP wtda t-2
31425,tsmp_wtda,TSMP wtda,3,-0.1238611552337881,141,141,0.1238611552337881,TSMP wtda t-3
31425,pr_a,Precipitation anomaly,1,-0.4206154901777071,141,141,0.4206154901777071,Precipitation t-1
31425,pr_a,Precipitation anomaly,2,-0.2280609352468616,141,141,0.2280609352468616,Precipitation t-2
31425,pr_a,Precipitation anomaly,3,-0.25326195938345,141,141,0.25326195938345,Precipitation t-3
31425,sm_a,Soil moisture anomaly,1,0.11609935210264402,141,141,0.11609935210264402,Soil moisture t-1
31425,sm_a,Soil moisture anomaly,2,0.030088006448666493,141,141,0.030088006448666493,Soil moisture t-2
31425,sm_a,Soil moisture anomaly,3,0.2079068969347853,141,141,0.2079068969347853,Soil moisture t-3
31482,tsmp_wtda,TSMP wtda,1,-0.24507160213038326,155,155,0.24507160213038326,TSMP wtda t-1
31482,tsmp_wtda,TSMP wtda,2,-0.20872759462263565,155,155,0.20872759462263565,TSMP wtda t-2
31482,tsmp_wtda,TSMP wtda,3,-0.2588740788403875,155,155,0.2588740788403875,TSMP wtda t-3
31482,pr_a,Precipitation anomaly,1,-0.189502043223109,155,155,0.189502043223109,Precipitation t-1
31482,pr_a,Precipitation anomaly,2,-0.1757338064136045,155,155,0.1757338064136045,Precipitation t-2
31482,pr_a,Precipitation anomaly,3,-0.25003328829866883,155,155,0.25003328829866883,Precipitation t-3
31482,sm_a,Soil moisture anomaly,1,0.19180680040534626,155,155,0.19180680040534626,Soil moisture t-1
31482,sm_a,Soil moisture anomaly,2,0.07921156723593455,155,155,0.07921156723593455,Soil moisture t-2
31482,sm_a,Soil moisture anomaly,3,0.06830872448518813,155,155,0.06830872448518813,Soil moisture t-3
31515,tsmp_wtda,TSMP wtda,1,0.0397963436419431,122,122,0.0397963436419431,TSMP wtda t-1
31515,tsmp_wtda,TSMP wtda,2,0.03651934517456382,122,122,0.03651934517456382,TSMP wtda t-2
31515,tsmp_wtda,TSMP wtda,3,0.06428264903175615,122,122,0.06428264903175615,TSMP wtda t-3
31515,pr_a,Precipitation anomaly,1,0.07953671492970736,122,122,0.07953671492970736,Precipitation t-1
31515,pr_a,Precipitation anomaly,2,-0.05746711843324377,122,122,0.05746711843324377,Precipitation t-2
31515,pr_a,Precipitation anomaly,3,0.13352957152229777,122,122,0.13352957152229777,Precipitation t-3
31515,sm_a,Soil moisture anomaly,1,0.1186969308690203,122,122,0.1186969308690203,Soil moisture t-1
31515,sm_a,Soil moisture anomaly,2,0.01749924451817106,122,122,0.01749924451817106,Soil moisture t-2
31515,sm_a,Soil moisture anomaly,3,-0.007022487943238142,122,122,0.007022487943238142,Soil moisture t-3
31528,tsmp_wtda,TSMP wtda,1,0.2819815322183836,87,87,0.2819815322183836,TSMP wtda t-1
31528,tsmp_wtda,TSMP wtda,2,0.24562246283858905,87,87,0.24562246283858905,TSMP wtda t-2
31528,tsmp_wtda,TSMP wtda,3,0.17564256692200972,87,87,0.17564256692200972,TSMP wtda t-3
31528,pr_a,Precipitation anomaly,1,-0.1424148607601113,87,87,0.1424148607601113,Precipitation t-1
31528,pr_a,Precipitation anomaly,2,-0.19986140242966832,87,87,0.19986140242966832,Precipitation t-2
31528,pr_a,Precipitation anomaly,3,-0.01396921147893951,87,87,0.01396921147893951,Precipitation t-3
31528,sm_a,Soil moisture anomaly,1,-0.04240262483082092,87,87,0.04240262483082092,Soil moisture t-1
31528,sm_a,Soil moisture anomaly,2,-0.020904708047097285,87,87,0.020904708047097285,Soil moisture t-2
31528,sm_a,Soil moisture anomaly,3,-0.12103450341882753,87,87,0.12103450341882753,Soil moisture t-3
31541,tsmp_wtda,TSMP wtda,1,0.009852228552616435,130,130,0.009852228552616435,TSMP wtda t-1
31541,tsmp_wtda,TSMP wtda,2,0.14039646314245913,130,130,0.14039646314245913,TSMP wtda t-2
31541,tsmp_wtda,TSMP wtda,3,0.12843458097960783,130,130,0.12843458097960783,TSMP wtda t-3
31541,pr_a,Precipitation anomaly,1,0.015535976872883227,130,130,0.015535976872883227,Precipitation t-1
31541,pr_a,Precipitation anomaly,2,-0.13587769834210725,130,130,0.13587769834210725,Precipitation t-2
31541,pr_a,Precipitation anomaly,3,0.0020777293412297393,130,130,0.0020777293412297393,Precipitation t-3
31541,sm_a,Soil moisture anomaly,1,0.03912599872844047,130,130,0.03912599872844047,Soil moisture t-1
31541,sm_a,Soil moisture anomaly,2,-0.14192256680779375,130,130,0.14192256680779375,Soil moisture t-2
31541,sm_a,Soil moisture anomaly,3,-0.043104599722098486,130,130,0.043104599722098486,Soil moisture t-3
31543,tsmp_wtda,TSMP wtda,1,0.20023787887294614,120,120,0.20023787887294614,TSMP wtda t-1
31543,tsmp_wtda,TSMP wtda,2,0.20624256809451252,120,120,0.20624256809451252,TSMP wtda t-2
31543,tsmp_wtda,TSMP wtda,3,0.20665458660813513,120,120,0.20665458660813513,TSMP wtda t-3
31543,pr_a,Precipitation anomaly,1,0.24856125442883956,120,120,0.24856125442883956,Precipitation t-1
31543,pr_a,Precipitation anomaly,2,0.23480794046749257,120,120,0.23480794046749257,Precipitation t-2
31543,pr_a,Precipitation anomaly,3,0.1694434306489712,120,120,0.1694434306489712,Precipitation t-3
31543,sm_a,Soil moisture anomaly,1,-0.02836625222664972,120,120,0.02836625222664972,Soil moisture t-1
31543,sm_a,Soil moisture anomaly,2,-0.16011271426612553,120,120,0.16011271426612553,Soil moisture t-2
31543,sm_a,Soil moisture anomaly,3,-0.1850075782433359,120,120,0.1850075782433359,Soil moisture t-3
31567,tsmp_wtda,TSMP wtda,1,-0.06999048025120361,125,125,0.06999048025120361,TSMP wtda t-1
31567,tsmp_wtda,TSMP wtda,2,-0.03577872772794623,125,125,0.03577872772794623,TSMP wtda t-2
31567,tsmp_wtda,TSMP wtda,3,0.03026201069578411,125,125,0.03026201069578411,TSMP wtda t-3
31567,pr_a,Precipitation anomaly,1,0.054135574585007576,125,125,0.054135574585007576,Precipitation t-1
31567,pr_a,Precipitation anomaly,2,0.02042081337862998,125,125,0.02042081337862998,Precipitation t-2
31567,pr_a,Precipitation anomaly,3,0.043277135415814655,125,125,0.043277135415814655,Precipitation t-3
31567,sm_a,Soil moisture anomaly,1,0.18686587145265354,125,125,0.18686587145265354,Soil moisture t-1
31567,sm_a,Soil moisture anomaly,2,0.1212187624379871,125,125,0.1212187624379871,Soil moisture t-2
31567,sm_a,Soil moisture anomaly,3,0.04624265862212887,125,125,0.04624265862212887,Soil moisture t-3
31593,tsmp_wtda,TSMP wtda,1,-0.12164605599132577,73,73,0.12164605599132577,TSMP wtda t-1
31593,tsmp_wtda,TSMP wtda,2,-0.038910732192593035,73,73,0.038910732192593035,TSMP wtda t-2
31593,tsmp_wtda,TSMP wtda,3,-0.04043037850645145,73,73,0.04043037850645145,TSMP wtda t-3
31593,pr_a,Precipitation anomaly,1,-0.23762968241651825,73,73,0.23762968241651825,Precipitation t-1
31593,pr_a,Precipitation anomaly,2,0.12452518779756708,73,73,0.12452518779756708,Precipitation t-2
31593,pr_a,Precipitation anomaly,3,0.13282470150909806,73,73,0.13282470150909806,Precipitation t-3
31593,sm_a,Soil moisture anomaly,1,0.15335857437669473,73,73,0.15335857437669473,Soil moisture t-1
31593,sm_a,Soil moisture anomaly,2,0.17951795068072213,73,73,0.17951795068072213,Soil moisture t-2
31593,sm_a,Soil moisture anomaly,3,0.13794110585202946,73,73,0.13794110585202946,Soil moisture t-3
31631,tsmp_wtda,TSMP wtda,1,0.07195086261552662,119,119,0.07195086261552662,TSMP wtda t-1
31631,tsmp_wtda,TSMP wtda,2,0.07949020141129157,119,119,0.07949020141129157,TSMP wtda t-2
31631,tsmp_wtda,TSMP wtda,3,0.023860040706883204,119,119,0.023860040706883204,TSMP wtda t-3
31631,pr_a,Precipitation anomaly,1,0.008826572013792632,119,119,0.008826572013792632,Precipitation t-1
31631,pr_a,Precipitation anomaly,2,-0.055079361351669395,119,119,0.055079361351669395,Precipitation t-2
31631,pr_a,Precipitation anomaly,3,-0.05458553557777798,119,119,0.05458553557777798,Precipitation t-3
31631,sm_a,Soil moisture anomaly,1,-0.044418393666705164,119,119,0.044418393666705164,Soil moisture t-1
31631,sm_a,Soil moisture anomaly,2,0.07035632227014417,119,119,0.07035632227014417,Soil moisture t-2
31631,sm_a,Soil moisture anomaly,3,0.013616993563793534,119,119,0.013616993563793534,Soil moisture t-3
31642,tsmp_wtda,TSMP wtda,1,0.046243732744012035,77,77,0.046243732744012035,TSMP wtda t-1
31642,tsmp_wtda,TSMP wtda,2,0.21367542203624626,77,77,0.21367542203624626,TSMP wtda t-2
31642,tsmp_wtda,TSMP wtda,3,0.2849845893049097,77,77,0.2849845893049097,TSMP wtda t-3
31642,pr_a,Precipitation anomaly,1,-0.16098027767578435,77,77,0.16098027767578435,Precipitation t-1
31642,pr_a,Precipitation anomaly,2,0.14905234134116244,77,77,0.14905234134116244,Precipitation t-2
31642,pr_a,Precipitation anomaly,3,0.0795380456862484,77,77,0.0795380456862484,Precipitation t-3
31642,sm_a,Soil moisture anomaly,1,0.08072712793253481,77,77,0.08072712793253481,Soil moisture t-1
31642,sm_a,Soil moisture anomaly,2,0.13761615355506404,77,77,0.13761615355506404,Soil moisture t-2
31642,sm_a,Soil moisture anomaly,3,-0.08753328844580963,77,77,0.08753328844580963,Soil moisture t-3
31683,tsmp_wtda,TSMP wtda,1,-0.05142994067899945,114,114,0.05142994067899945,TSMP wtda t-1
31683,tsmp_wtda,TSMP wtda,2,-0.0543447180775636,114,114,0.0543447180775636,TSMP wtda t-2
31683,tsmp_wtda,TSMP wtda,3,0.003086748524962006,114,114,0.003086748524962006,TSMP wtda t-3
31683,pr_a,Precipitation anomaly,1,0.10820959121456146,114,114,0.10820959121456146,Precipitation t-1
31683,pr_a,Precipitation anomaly,2,0.3754972719832261,114,114,0.3754972719832261,Precipitation t-2
31683,pr_a,Precipitation anomaly,3,0.28883569186584607,114,114,0.28883569186584607,Precipitation t-3
31683,sm_a,Soil moisture anomaly,1,0.05717982135906591,114,114,0.05717982135906591,Soil moisture t-1
31683,sm_a,Soil moisture anomaly,2,0.04357878542578841,114,114,0.04357878542578841,Soil moisture t-2
31683,sm_a,Soil moisture anomaly,3,0.07865842064859202,114,114,0.07865842064859202,Soil moisture t-3
31688,tsmp_wtda,TSMP wtda,1,-0.14886622780006287,119,119,0.14886622780006287,TSMP wtda t-1
31688,tsmp_wtda,TSMP wtda,2,-0.07746018568942467,119,119,0.07746018568942467,TSMP wtda t-2
31688,tsmp_wtda,TSMP wtda,3,-0.05976774975524347,119,119,0.05976774975524347,TSMP wtda t-3
31688,pr_a,Precipitation anomaly,1,0.11110738841663034,119,119,0.11110738841663034,Precipitation t-1
31688,pr_a,Precipitation anomaly,2,0.10551121945372667,119,119,0.10551121945372667,Precipitation t-2
31688,pr_a,Precipitation anomaly,3,0.1885073613800216,119,119,0.1885073613800216,Precipitation t-3
31688,sm_a,Soil moisture anomaly,1,0.16466925260486845,119,119,0.16466925260486845,Soil moisture t-1
31688,sm_a,Soil moisture anomaly,2,0.17217975581499043,119,119,0.17217975581499043,Soil moisture t-2
31688,sm_a,Soil moisture anomaly,3,0.11646525983157889,119,119,0.11646525983157889,Soil moisture t-3
31696,tsmp_wtda,TSMP wtda,1,0.05505946818416438,142,142,0.05505946818416438,TSMP wtda t-1
31696,tsmp_wtda,TSMP wtda,2,-0.004522674664393663,142,142,0.004522674664393663,TSMP wtda t-2
31696,tsmp_wtda,TSMP wtda,3,-0.0005790284098197511,142,142,0.0005790284098197511,TSMP wtda t-3
31696,pr_a,Precipitation anomaly,1,0.12978477946590297,142,142,0.12978477946590297,Precipitation t-1
31696,pr_a,Precipitation anomaly,2,0.29756270614525315,142,142,0.29756270614525315,Precipitation t-2
31696,pr_a,Precipitation anomaly,3,0.3049915958610559,142,142,0.3049915958610559,Precipitation t-3
31696,sm_a,Soil moisture anomaly,1,0.006107923283342591,142,142,0.006107923283342591,Soil moisture t-1
31696,sm_a,Soil moisture anomaly,2,0.0409987851617855,142,142,0.0409987851617855,Soil moisture t-2
31696,sm_a,Soil moisture anomaly,3,-0.03045596406284785,142,142,0.03045596406284785,Soil moisture t-3
31792,tsmp_wtda,TSMP wtda,1,-0.018124367272430334,57,57,0.018124367272430334,TSMP wtda t-1
31792,tsmp_wtda,TSMP wtda,2,-0.05063741536317567,57,57,0.05063741536317567,TSMP wtda t-2
31792,tsmp_wtda,TSMP wtda,3,0.08958105881617676,57,57,0.08958105881617676,TSMP wtda t-3
31792,pr_a,Precipitation anomaly,1,0.3290287753344741,57,57,0.3290287753344741,Precipitation t-1
31792,pr_a,Precipitation anomaly,2,0.35773698792696945,57,57,0.35773698792696945,Precipitation t-2
31792,pr_a,Precipitation anomaly,3,0.34808959724544164,57,57,0.34808959724544164,Precipitation t-3
31792,sm_a,Soil moisture anomaly,1,-0.05958618282495928,57,57,0.05958618282495928,Soil moisture t-1
31792,sm_a,Soil moisture anomaly,2,0.019565152799075735,57,57,0.019565152799075735,Soil moisture t-2
31792,sm_a,Soil moisture anomaly,3,-0.023640640511951097,57,57,0.023640640511951097,Soil moisture t-3
31854,tsmp_wtda,TSMP wtda,1,0.05912005122539696,131,131,0.05912005122539696,TSMP wtda t-1
31854,tsmp_wtda,TSMP wtda,2,0.12704589843626532,131,131,0.12704589843626532,TSMP wtda t-2
31854,tsmp_wtda,TSMP wtda,3,0.10823832419500157,131,131,0.10823832419500157,TSMP wtda t-3
31854,pr_a,Precipitation anomaly,1,-0.01411942630702214,131,131,0.01411942630702214,Precipitation t-1
31854,pr_a,Precipitation anomaly,2,0.13118850206978716,131,131,0.13118850206978716,Precipitation t-2
31854,pr_a,Precipitation anomaly,3,0.13218132986313574,131,131,0.13218132986313574,Precipitation t-3
31854,sm_a,Soil moisture anomaly,1,-0.06481027922021428,131,131,0.06481027922021428,Soil moisture t-1
31854,sm_a,Soil moisture anomaly,2,0.06685301195294355,131,131,0.06685301195294355,Soil moisture t-2
31854,sm_a,Soil moisture anomaly,3,0.05100989627222495,131,131,0.05100989627222495,Soil moisture t-3
31920,tsmp_wtda,TSMP wtda,1,-0.2536054903223634,121,121,0.2536054903223634,TSMP wtda t-1
31920,tsmp_wtda,TSMP wtda,2,-0.15221798073924672,121,121,0.15221798073924672,TSMP wtda t-2
31920,tsmp_wtda,TSMP wtda,3,-0.23157367548324112,121,121,0.23157367548324112,TSMP wtda t-3
31920,pr_a,Precipitation anomaly,1,-0.27867598734896015,121,121,0.27867598734896015,Precipitation t-1
31920,pr_a,Precipitation anomaly,2,-0.06258277365870249,121,121,0.06258277365870249,Precipitation t-2
31920,pr_a,Precipitation anomaly,3,-0.1246735582959915,121,121,0.1246735582959915,Precipitation t-3
31920,sm_a,Soil moisture anomaly,1,0.13862137720180448,121,121,0.13862137720180448,Soil moisture t-1
31920,sm_a,Soil moisture anomaly,2,0.21305505017814802,121,121,0.21305505017814802,Soil moisture t-2
31920,sm_a,Soil moisture anomaly,3,0.2627911414460199,121,121,0.2627911414460199,Soil moisture t-3
31933,tsmp_wtda,TSMP wtda,1,-0.2411244725000242,149,149,0.2411244725000242,TSMP wtda t-1
31933,tsmp_wtda,TSMP wtda,2,-0.2358030962374441,149,149,0.2358030962374441,TSMP wtda t-2
31933,tsmp_wtda,TSMP wtda,3,-0.1600608134352701,149,149,0.1600608134352701,TSMP wtda t-3
31933,pr_a,Precipitation anomaly,1,0.14281852679297527,149,149,0.14281852679297527,Precipitation t-1
31933,pr_a,Precipitation anomaly,2,0.14165003398346152,149,149,0.14165003398346152,Precipitation t-2
31933,pr_a,Precipitation anomaly,3,0.14581177519238545,149,149,0.14581177519238545,Precipitation t-3
31933,sm_a,Soil moisture anomaly,1,0.13683556599662225,149,149,0.13683556599662225,Soil moisture t-1
31933,sm_a,Soil moisture anomaly,2,0.09043554780287595,149,149,0.09043554780287595,Soil moisture t-2
31933,sm_a,Soil moisture anomaly,3,0.0736263518735546,149,149,0.0736263518735546,Soil moisture t-3
31939,tsmp_wtda,TSMP wtda,1,-0.11342085406999287,139,139,0.11342085406999287,TSMP wtda t-1
31939,tsmp_wtda,TSMP wtda,2,-0.08880195004860363,139,139,0.08880195004860363,TSMP wtda t-2
31939,tsmp_wtda,TSMP wtda,3,-0.008246279640359592,139,139,0.008246279640359592,TSMP wtda t-3
31939,pr_a,Precipitation anomaly,1,-0.18182082648585132,139,139,0.18182082648585132,Precipitation t-1
31939,pr_a,Precipitation anomaly,2,0.006369304281207585,139,139,0.006369304281207585,Precipitation t-2
31939,pr_a,Precipitation anomaly,3,-0.051220315221890717,139,139,0.051220315221890717,Precipitation t-3
31939,sm_a,Soil moisture anomaly,1,0.03233849096338465,139,139,0.03233849096338465,Soil moisture t-1
31939,sm_a,Soil moisture anomaly,2,0.04084789568840725,139,139,0.04084789568840725,Soil moisture t-2
31939,sm_a,Soil moisture anomaly,3,0.00040065653937634057,139,139,0.00040065653937634057,Soil moisture t-3
31951,tsmp_wtda,TSMP wtda,1,0.69456889242169,19,19,0.69456889242169,TSMP wtda t-1
31951,tsmp_wtda,TSMP wtda,2,0.31833403642605024,19,19,0.31833403642605024,TSMP wtda t-2
31951,tsmp_wtda,TSMP wtda,3,0.3057308374017598,19,19,0.3057308374017598,TSMP wtda t-3
31951,pr_a,Precipitation anomaly,1,0.21097958145279325,19,19,0.21097958145279325,Precipitation t-1
31951,pr_a,Precipitation anomaly,2,0.2622905838833806,19,19,0.2622905838833806,Precipitation t-2
31951,pr_a,Precipitation anomaly,3,0.5861020182332616,19,19,0.5861020182332616,Precipitation t-3
31951,sm_a,Soil moisture anomaly,1,-0.21585566077321933,19,19,0.21585566077321933,Soil moisture t-1
31951,sm_a,Soil moisture anomaly,2,-0.16254234763460398,19,19,0.16254234763460398,Soil moisture t-2
31951,sm_a,Soil moisture anomaly,3,-0.2992237648492314,19,19,0.2992237648492314,Soil moisture t-3
31988,tsmp_wtda,TSMP wtda,1,0.21902663879195822,121,121,0.21902663879195822,TSMP wtda t-1
31988,tsmp_wtda,TSMP wtda,2,0.15652966165117874,121,121,0.15652966165117874,TSMP wtda t-2
31988,tsmp_wtda,TSMP wtda,3,0.15875769794803948,121,121,0.15875769794803948,TSMP wtda t-3
31988,pr_a,Precipitation anomaly,1,-0.10672505569490322,121,121,0.10672505569490322,Precipitation t-1
31988,pr_a,Precipitation anomaly,2,0.00695864359376356,121,121,0.00695864359376356,Precipitation t-2
31988,pr_a,Precipitation anomaly,3,0.03696647180271044,121,121,0.03696647180271044,Precipitation t-3
31988,sm_a,Soil moisture anomaly,1,-0.03202556570565249,121,121,0.03202556570565249,Soil moisture t-1
31988,sm_a,Soil moisture anomaly,2,-0.024007806082332304,121,121,0.024007806082332304,Soil moisture t-2
31988,sm_a,Soil moisture anomaly,3,-0.055842645480310926,121,121,0.055842645480310926,Soil moisture t-3
31997,tsmp_wtda,TSMP wtda,1,0.1344519289818735,114,114,0.1344519289818735,TSMP wtda t-1
31997,tsmp_wtda,TSMP wtda,2,0.1545015099055414,114,114,0.1545015099055414,TSMP wtda t-2
31997,tsmp_wtda,TSMP wtda,3,0.031591387882463975,114,114,0.031591387882463975,TSMP wtda t-3
31997,pr_a,Precipitation anomaly,1,-0.12447433057206155,114,114,0.12447433057206155,Precipitation t-1
31997,pr_a,Precipitation anomaly,2,0.0489839182605408,114,114,0.0489839182605408,Precipitation t-2
31997,pr_a,Precipitation anomaly,3,0.11303378168860957,114,114,0.11303378168860957,Precipitation t-3
31997,sm_a,Soil moisture anomaly,1,0.07331058279890638,114,114,0.07331058279890638,Soil moisture t-1
31997,sm_a,Soil moisture anomaly,2,-0.09595267803908004,114,114,0.09595267803908004,Soil moisture t-2
31997,sm_a,Soil moisture anomaly,3,-0.02735899294307321,114,114,0.02735899294307321,Soil moisture t-3
32135,tsmp_wtda,TSMP wtda,1,0.26963570449991675,78,78,0.26963570449991675,TSMP wtda t-1
32135,tsmp_wtda,TSMP wtda,2,0.2433455937072472,78,78,0.2433455937072472,TSMP wtda t-2
32135,tsmp_wtda,TSMP wtda,3,0.24225848396934843,78,78,0.24225848396934843,TSMP wtda t-3
32135,pr_a,Precipitation anomaly,1,-0.13142854356094238,78,78,0.13142854356094238,Precipitation t-1
32135,pr_a,Precipitation anomaly,2,0.09531244723590607,78,78,0.09531244723590607,Precipitation t-2
32135,pr_a,Precipitation anomaly,3,-0.020275218863057727,78,78,0.020275218863057727,Precipitation t-3
32135,sm_a,Soil moisture anomaly,1,-0.01029934145399665,78,78,0.01029934145399665,Soil moisture t-1
32135,sm_a,Soil moisture anomaly,2,0.047222860195329674,78,78,0.047222860195329674,Soil moisture t-2
32135,sm_a,Soil moisture anomaly,3,-0.11958940865130575,78,78,0.11958940865130575,Soil moisture t-3
32138,tsmp_wtda,TSMP wtda,1,0.14683650949374463,119,119,0.14683650949374463,TSMP wtda t-1
32138,tsmp_wtda,TSMP wtda,2,0.20962773783083552,119,119,0.20962773783083552,TSMP wtda t-2
32138,tsmp_wtda,TSMP wtda,3,0.08561603795184736,119,119,0.08561603795184736,TSMP wtda t-3
32138,pr_a,Precipitation anomaly,1,0.053347637876802294,119,119,0.053347637876802294,Precipitation t-1
32138,pr_a,Precipitation anomaly,2,0.05475208657480675,119,119,0.05475208657480675,Precipitation t-2
32138,pr_a,Precipitation anomaly,3,0.07040551745206065,119,119,0.07040551745206065,Precipitation t-3
32138,sm_a,Soil moisture anomaly,1,0.02518221667375388,119,119,0.02518221667375388,Soil moisture t-1
32138,sm_a,Soil moisture anomaly,2,-0.1609546171591546,119,119,0.1609546171591546,Soil moisture t-2
32138,sm_a,Soil moisture anomaly,3,-0.1575611333257782,119,119,0.1575611333257782,Soil moisture t-3
32189,tsmp_wtda,TSMP wtda,1,-0.023990970290778974,120,120,0.023990970290778974,TSMP wtda t-1
32189,tsmp_wtda,TSMP wtda,2,0.048806086705957624,120,120,0.048806086705957624,TSMP wtda t-2
32189,tsmp_wtda,TSMP wtda,3,0.08021017457444732,120,120,0.08021017457444732,TSMP wtda t-3
32189,pr_a,Precipitation anomaly,1,0.01617196900863902,120,120,0.01617196900863902,Precipitation t-1
32189,pr_a,Precipitation anomaly,2,-0.05068313504533491,120,120,0.05068313504533491,Precipitation t-2
32189,pr_a,Precipitation anomaly,3,-0.007968526788013516,120,120,0.007968526788013516,Precipitation t-3
32189,sm_a,Soil moisture anomaly,1,0.044915988828860304,120,120,0.044915988828860304,Soil moisture t-1
32189,sm_a,Soil moisture anomaly,2,0.08052811845625395,120,120,0.08052811845625395,Soil moisture t-2
32189,sm_a,Soil moisture anomaly,3,0.08205621418782029,120,120,0.08205621418782029,Soil moisture t-3
32219,tsmp_wtda,TSMP wtda,1,0.15148344353054857,108,108,0.15148344353054857,TSMP wtda t-1
32219,tsmp_wtda,TSMP wtda,2,0.10005282745072562,108,108,0.10005282745072562,TSMP wtda t-2
32219,tsmp_wtda,TSMP wtda,3,0.06655726164131401,108,108,0.06655726164131401,TSMP wtda t-3
32219,pr_a,Precipitation anomaly,1,0.0929830827886801,108,108,0.0929830827886801,Precipitation t-1
32219,pr_a,Precipitation anomaly,2,0.21057516654416,108,108,0.21057516654416,Precipitation t-2
32219,pr_a,Precipitation anomaly,3,0.22204386153133107,108,108,0.22204386153133107,Precipitation t-3
32219,sm_a,Soil moisture anomaly,1,0.07198258349401451,108,108,0.07198258349401451,Soil moisture t-1
32219,sm_a,Soil moisture anomaly,2,-0.08631137143839732,108,108,0.08631137143839732,Soil moisture t-2
32219,sm_a,Soil moisture anomaly,3,-0.12708232046572576,108,108,0.12708232046572576,Soil moisture t-3
32332,tsmp_wtda,TSMP wtda,1,-0.0352575878427616,123,123,0.0352575878427616,TSMP wtda t-1
32332,tsmp_wtda,TSMP wtda,2,-0.052526469441618574,123,123,0.052526469441618574,TSMP wtda t-2
32332,tsmp_wtda,TSMP wtda,3,-0.1237782035154397,123,123,0.1237782035154397,TSMP wtda t-3
32332,pr_a,Precipitation anomaly,1,0.09541180126941248,123,123,0.09541180126941248,Precipitation t-1
32332,pr_a,Precipitation anomaly,2,0.14662852696586404,123,123,0.14662852696586404,Precipitation t-2
32332,pr_a,Precipitation anomaly,3,0.2815124688332312,123,123,0.2815124688332312,Precipitation t-3
32332,sm_a,Soil moisture anomaly,1,0.1477827923625459,123,123,0.1477827923625459,Soil moisture t-1
32332,sm_a,Soil moisture anomaly,2,0.08754122766604265,123,123,0.08754122766604265,Soil moisture t-2
32332,sm_a,Soil moisture anomaly,3,0.008834989599390143,123,123,0.008834989599390143,Soil moisture t-3
32804,tsmp_wtda,TSMP wtda,1,0.21111766330461346,76,76,0.21111766330461346,TSMP wtda t-1
32804,tsmp_wtda,TSMP wtda,2,0.2926364728408289,76,76,0.2926364728408289,TSMP wtda t-2
32804,tsmp_wtda,TSMP wtda,3,0.2957278620459266,76,76,0.2957278620459266,TSMP wtda t-3
32804,pr_a,Precipitation anomaly,1,0.08801542270850339,76,76,0.08801542270850339,Precipitation t-1
32804,pr_a,Precipitation anomaly,2,0.10941426645882185,76,76,0.10941426645882185,Precipitation t-2
32804,pr_a,Precipitation anomaly,3,0.13586621896456252,76,76,0.13586621896456252,Precipitation t-3
32804,sm_a,Soil moisture anomaly,1,-0.3270101316763063,76,76,0.3270101316763063,Soil moisture t-1
32804,sm_a,Soil moisture anomaly,2,-0.06761643451879515,76,76,0.06761643451879515,Soil moisture t-2
32804,sm_a,Soil moisture anomaly,3,-0.20347763116754938,76,76,0.20347763116754938,Soil moisture t-3
33050,tsmp_wtda,TSMP wtda,1,0.20141080068491082,139,139,0.20141080068491082,TSMP wtda t-1
33050,tsmp_wtda,TSMP wtda,2,0.17094063566977666,139,139,0.17094063566977666,TSMP wtda t-2
33050,tsmp_wtda,TSMP wtda,3,0.1394934743209916,139,139,0.1394934743209916,TSMP wtda t-3
33050,pr_a,Precipitation anomaly,1,0.09902735194100258,139,139,0.09902735194100258,Precipitation t-1
33050,pr_a,Precipitation anomaly,2,0.080027575265641,139,139,0.080027575265641,Precipitation t-2
33050,pr_a,Precipitation anomaly,3,0.1124542166113026,139,139,0.1124542166113026,Precipitation t-3
33050,sm_a,Soil moisture anomaly,1,-0.15903750763825464,139,139,0.15903750763825464,Soil moisture t-1
33050,sm_a,Soil moisture anomaly,2,-0.17909318809183755,139,139,0.17909318809183755,Soil moisture t-2
33050,sm_a,Soil moisture anomaly,3,-0.38367799548632103,139,139,0.38367799548632103,Soil moisture t-3
104122,tsmp_wtda,TSMP wtda,1,0.009538773824672086,150,150,0.009538773824672086,TSMP wtda t-1
104122,tsmp_wtda,TSMP wtda,2,0.05469499899877453,150,150,0.05469499899877453,TSMP wtda t-2
104122,tsmp_wtda,TSMP wtda,3,0.070944399751703,150,150,0.070944399751703,TSMP wtda t-3
104122,pr_a,Precipitation anomaly,1,0.006280094830077964,150,150,0.006280094830077964,Precipitation t-1
104122,pr_a,Precipitation anomaly,2,-0.03519691990333471,150,150,0.03519691990333471,Precipitation t-2
104122,pr_a,Precipitation anomaly,3,0.051317480385971115,150,150,0.051317480385971115,Precipitation t-3
104122,sm_a,Soil moisture anomaly,1,0.17249038008951295,150,150,0.17249038008951295,Soil moisture t-1
104122,sm_a,Soil moisture anomaly,2,0.059581992402637556,150,150,0.059581992402637556,Soil moisture t-2
104122,sm_a,Soil moisture anomaly,3,0.06956215457748043,150,150,0.06956215457748043,Soil moisture t-3
104211,tsmp_wtda,TSMP wtda,1,0.23327742536926538,144,144,0.23327742536926538,TSMP wtda t-1
104211,tsmp_wtda,TSMP wtda,2,0.3028790157643124,144,144,0.3028790157643124,TSMP wtda t-2
104211,tsmp_wtda,TSMP wtda,3,0.31251752121331744,144,144,0.31251752121331744,TSMP wtda t-3
104211,pr_a,Precipitation anomaly,1,-0.04767804219248892,144,144,0.04767804219248892,Precipitation t-1
104211,pr_a,Precipitation anomaly,2,-0.22805101217073517,144,144,0.22805101217073517,Precipitation t-2
104211,pr_a,Precipitation anomaly,3,-0.13936935055219193,144,144,0.13936935055219193,Precipitation t-3
104211,sm_a,Soil moisture anomaly,1,0.029723370494719147,144,144,0.029723370494719147,Soil moisture t-1
104211,sm_a,Soil moisture anomaly,2,-0.07417639323713945,144,144,0.07417639323713945,Soil moisture t-2
104211,sm_a,Soil moisture anomaly,3,-0.09036399194366078,144,144,0.09036399194366078,Soil moisture t-3
